INSERT INTO sucursal VALUES (1,'Paqueteria Dinamita Suc 1',214),(2,'Paqueteria Dinamita Suc 2',279);
INSERT INTO ruta VALUES(1,'Suc.1 - Suc. 2 ',294),(2,'Suc.1 Norte', 100.5),(3,'Suc.1 Sur',112),(4,'Suc.1 Poniente',130),(5,'Suc.1 Oriente',121.9);
INSERT INTO ruta VALUES(6,'Suc.2 Norte', 98.5),(7,'Suc.2 Sur',129),(8,'Suc.2 Poniente',150.2),(9,'Suc.2 Oriente',105.3);

INSERT INTO c_tipo_producto VALUES (1,'Documentos'),(2,'Camisas o Playeras'),(3,'Pantalones'),(4,'Consolas'),(5,'Televisiones'),
(6,'Celulares'),(7,'Relojes'),(8,'Libros'),(9,'Cosmeticos'),(10,'Medicamentos'),(11,'Computadoras'),(12,'Tenis'),(13,'Zapatos'),
(14,'Audifonos'),(15,'Discos de musica'),(16,'Microondas'),(17,'Refrigeradores'),(18,'Estufa'),(19,'Comedores'),(20,'Guitarras'),
(21,'Roperos'),(22,'Bicicletas'),(23,'Mochilas'),(24,'Escritorios'),(25,'Desarmadores'),(26,'Taladros'),(27,'Casas para mascotas'),
(28,'Sofas'),(29,'Impresoras'),(30,'Tazas');


INSERT INTO sucursal_ruta VALUES (1,1,1),(2,1,2),(3,1,3),(4,1,4),(5,1,5);
INSERT INTO sucursal_ruta VALUES (6,2,1),(7,2,6),(8,2,7),(9,2,8),(10,2,9);

--Empleado
INSERT INTO "empleado" (id_empleado,id_persona,id_sucursal) VALUES (1,1,2),(2,11,2),(3,21,1),(4,31,2),(5,41,2),(6,51,2),(7,61,2),(8,71,2),(9,81,2),(10,91,2);
INSERT INTO "empleado" (id_empleado,id_persona,id_sucursal) VALUES (11,101,2),(12,111,1),(13,121,2),(14,131,2),(15,141,1),(16,151,1),(17,161,1),(18,171,1),(19,181,2),(20,191,2);
INSERT INTO "empleado" (id_empleado,id_persona,id_sucursal) VALUES (21,201,1),(22,211,1),(23,221,2),(24,231,1),(25,241,1),(26,251,1),(27,261,2),(28,271,2),(29,281,1),(30,291,2);
INSERT INTO "empleado" (id_empleado,id_persona,id_sucursal) VALUES (31,301,2),(32,311,1),(33,321,1),(34,331,1),(35,341,2),(36,351,1),(37,361,2),(38,371,2),(39,381,2),(40,391,1);
INSERT INTO "empleado" (id_empleado,id_persona,id_sucursal) VALUES (41,401,2),(42,411,2),(43,421,2),(44,431,2),(45,441,1),(46,451,2),(47,461,1),(48,471,2),(49,481,1),(50,491,1);
INSERT INTO "empleado" (id_empleado,id_persona,id_sucursal) VALUES (51,501,1),(52,511,1),(53,521,2),(54,531,1),(55,541,2),(56,551,2),(57,561,2),(58,571,2),(59,581,2),(60,591,1);
INSERT INTO "empleado" (id_empleado,id_persona,id_sucursal) VALUES (61,601,2),(62,611,2),(63,621,1),(64,631,1),(65,641,1),(66,651,2),(67,661,2),(68,671,2),(69,681,2),(70,691,2);
INSERT INTO "empleado" (id_empleado,id_persona,id_sucursal) VALUES (71,701,1),(72,711,2),(73,721,2),(74,731,2),(75,741,1),(76,751,1),(77,761,1),(78,771,2),(79,781,1),(80,791,1);
INSERT INTO "empleado" (id_empleado,id_persona,id_sucursal) VALUES (81,801,2),(82,811,2),(83,821,2),(84,831,2),(85,841,1),(86,851,1),(87,861,1),(88,871,1),(89,881,2),(90,891,2);
INSERT INTO "empleado" (id_empleado,id_persona,id_sucursal) VALUES (91,901,1),(92,911,2),(93,921,1),(94,931,2),(95,941,1),(96,951,1),(97,961,2),(98,971,2),(99,981,1),(100,991,1);
INSERT INTO "empleado" (id_empleado,id_persona,id_sucursal) VALUES (101,2,1),(102,12,2),(103,22,2),(104,32,2),(105,42,2),(106,52,1),(107,62,2),(108,72,2),(109,82,1),(110,92,2);
INSERT INTO "empleado" (id_empleado,id_persona,id_sucursal) VALUES (111,102,1),(112,112,1),(113,122,1),(114,132,1),(115,142,1),(116,152,2),(117,162,2),(118,172,1),(119,182,1),(120,192,2);
INSERT INTO "empleado" (id_empleado,id_persona,id_sucursal) VALUES (121,202,2),(122,212,2),(123,222,1),(124,232,1),(125,242,2),(126,252,1),(127,262,1),(128,272,2),(129,282,1),(130,292,2);
INSERT INTO "empleado" (id_empleado,id_persona,id_sucursal) VALUES (131,302,2),(132,312,1),(133,322,1),(134,332,2),(135,342,1),(136,352,2),(137,362,2),(138,372,1),(139,382,1),(140,392,1);
INSERT INTO "empleado" (id_empleado,id_persona,id_sucursal) VALUES (141,402,2),(142,412,1),(143,422,1),(144,432,1),(145,442,2),(146,452,1),(147,462,2),(148,472,1),(149,482,2),(150,492,2);
INSERT INTO "empleado" (id_empleado,id_persona,id_sucursal) VALUES (151,502,1),(152,512,2),(153,522,1),(154,532,1),(155,542,2),(156,552,2),(157,562,1),(158,572,1),(159,582,1),(160,592,2);
INSERT INTO "empleado" (id_empleado,id_persona,id_sucursal) VALUES (161,602,1),(162,612,2),(163,622,1),(164,632,1),(165,642,2),(166,652,2),(167,662,1),(168,672,2),(169,682,1),(170,692,1);
INSERT INTO "empleado" (id_empleado,id_persona,id_sucursal) VALUES (171,702,2),(172,712,1),(173,722,1),(174,732,2),(175,742,1),(176,752,1),(177,762,1),(178,772,1),(179,782,1),(180,792,1);
INSERT INTO "empleado" (id_empleado,id_persona,id_sucursal) VALUES (181,802,2),(182,812,1),(183,822,1),(184,832,1),(185,842,1),(186,852,2),(187,862,1),(188,872,1),(189,882,2),(190,892,2);
INSERT INTO "empleado" (id_empleado,id_persona,id_sucursal) VALUES (191,902,1),(192,912,2),(193,922,1),(194,932,2),(195,942,1),(196,952,1),(197,962,2),(198,972,2),(199,982,1),(200,992,1);
INSERT INTO "empleado" (id_empleado,id_persona,id_sucursal) VALUES (201,3,2),(202,13,2),(203,23,2),(204,33,2),(205,43,2),(206,53,2),(207,63,2),(208,73,1),(209,83,1),(210,93,1);
INSERT INTO "empleado" (id_empleado,id_persona,id_sucursal) VALUES (211,103,1),(212,113,2),(213,123,1),(214,133,1),(215,143,2),(216,153,2),(217,163,2),(218,173,1),(219,183,2),(220,193,2);
INSERT INTO "empleado" (id_empleado,id_persona,id_sucursal) VALUES (221,203,1),(222,213,2),(223,223,2),(224,233,2),(225,243,2),(226,253,2),(227,263,2),(228,273,1),(229,283,2),(230,293,2);
INSERT INTO "empleado" (id_empleado,id_persona,id_sucursal) VALUES (231,303,1),(232,313,2),(233,323,1),(234,333,1),(235,343,2),(236,353,1),(237,363,1),(238,373,2),(239,383,1),(240,393,1);
INSERT INTO "empleado" (id_empleado,id_persona,id_sucursal) VALUES (241,403,2),(242,413,2),(243,423,1),(244,433,2),(245,443,1),(246,453,1),(247,463,2),(248,473,1),(249,483,2),(250,493,2);
INSERT INTO "empleado" (id_empleado,id_persona,id_sucursal) VALUES (251,503,1),(252,513,1),(253,523,1),(254,533,1),(255,543,2),(256,553,1),(257,563,2),(258,573,1),(259,583,2),(260,593,1);
INSERT INTO "empleado" (id_empleado,id_persona,id_sucursal) VALUES (261,603,2),(262,613,2),(263,623,1),(264,633,2),(265,643,1),(266,653,2),(267,663,2),(268,673,2),(269,683,1),(270,693,1);
INSERT INTO "empleado" (id_empleado,id_persona,id_sucursal) VALUES (271,703,1),(272,713,2),(273,723,2),(274,733,1),(275,743,2),(276,753,2),(277,763,2),(278,773,2),(279,783,2),(280,793,2);
INSERT INTO "empleado" (id_empleado,id_persona,id_sucursal) VALUES (281,803,1),(282,813,1),(283,823,1),(284,833,1),(285,843,2),(286,853,1),(287,863,2),(288,873,1),(289,883,1),(290,893,2);
INSERT INTO "empleado" (id_empleado,id_persona,id_sucursal) VALUES (291,903,2),(292,913,1),(293,923,2),(294,933,1),(295,943,1),(296,953,2),(297,963,1),(298,973,2),(299,983,2),(300,993,2);
INSERT INTO "empleado" (id_empleado,id_persona,id_sucursal) VALUES (301,4,1),(302,14,1),(303,24,1),(304,34,1),(305,44,1),(306,54,2),(307,64,2),(308,74,1),(309,84,2),(310,94,2);
INSERT INTO "empleado" (id_empleado,id_persona,id_sucursal) VALUES (311,104,1),(312,114,1),(313,124,1),(314,134,1),(315,144,2),(316,154,1),(317,164,2),(318,174,1),(319,184,1),(320,194,1);
INSERT INTO "empleado" (id_empleado,id_persona,id_sucursal) VALUES (321,204,2),(322,214,1),(323,224,1),(324,234,2),(325,244,2),(326,254,1),(327,264,2),(328,274,2),(329,284,2),(330,294,2);
INSERT INTO "empleado" (id_empleado,id_persona,id_sucursal) VALUES (331,304,1),(332,314,2),(333,324,1),(334,334,1),(335,344,2),(336,354,1),(337,364,1),(338,374,2),(339,384,2),(340,394,2);
INSERT INTO "empleado" (id_empleado,id_persona,id_sucursal) VALUES (341,404,1),(342,414,2),(343,424,1),(344,434,2),(345,444,1),(346,454,1),(347,464,2),(348,474,2),(349,484,2),(350,494,1);
INSERT INTO "empleado" (id_empleado,id_persona,id_sucursal) VALUES (351,504,1),(352,514,1),(353,524,1),(354,534,2),(355,544,2),(356,554,1),(357,564,1),(358,574,2),(359,584,1),(360,594,1);
INSERT INTO "empleado" (id_empleado,id_persona,id_sucursal) VALUES (361,604,1),(362,614,2),(363,624,2),(364,634,1),(365,644,2),(366,654,1),(367,664,2),(368,674,1),(369,684,2),(370,694,1);
INSERT INTO "empleado" (id_empleado,id_persona,id_sucursal) VALUES (371,704,1),(372,714,2),(373,724,2),(374,734,2),(375,744,1),(376,754,2),(377,764,1),(378,774,1),(379,784,1),(380,794,1);
INSERT INTO "empleado" (id_empleado,id_persona,id_sucursal) VALUES (381,804,2),(382,814,2),(383,824,1),(384,834,2),(385,844,1),(386,854,1),(387,864,2),(388,874,1),(389,884,1),(390,894,2);
INSERT INTO "empleado" (id_empleado,id_persona,id_sucursal) VALUES (391,904,1),(392,914,1),(393,924,1),(394,934,2),(395,944,2),(396,954,1),(397,964,1),(398,974,2),(399,984,2),(400,994,1);
INSERT INTO "empleado" (id_empleado,id_persona,id_sucursal) VALUES (401,5,1),(402,15,1),(403,25,2),(404,35,2),(405,45,1),(406,55,1),(407,65,2),(408,75,1),(409,85,1),(410,95,1);
INSERT INTO "empleado" (id_empleado,id_persona,id_sucursal) VALUES (411,105,1),(412,115,2),(413,125,2),(414,135,1),(415,145,1),(416,155,1),(417,165,1),(418,175,1),(419,185,1),(420,195,2);
INSERT INTO "empleado" (id_empleado,id_persona,id_sucursal) VALUES (421,205,2),(422,215,2),(423,225,1),(424,235,1),(425,245,2),(426,255,1),(427,265,2),(428,275,1),(429,285,1),(430,295,1);
INSERT INTO "empleado" (id_empleado,id_persona,id_sucursal) VALUES (431,305,1),(432,315,1),(433,325,2),(434,335,2),(435,345,2),(436,355,2),(437,365,2),(438,375,2),(439,385,2),(440,395,1);
INSERT INTO "empleado" (id_empleado,id_persona,id_sucursal) VALUES (441,405,2),(442,415,2),(443,425,1),(444,435,1),(445,445,1),(446,455,1),(447,465,1),(448,475,1),(449,485,2),(450,495,2);
INSERT INTO "empleado" (id_empleado,id_persona,id_sucursal) VALUES (451,505,2),(452,515,1),(453,525,2),(454,535,2),(455,545,1),(456,555,1),(457,565,1),(458,575,1),(459,585,2),(460,595,2);
INSERT INTO "empleado" (id_empleado,id_persona,id_sucursal) VALUES (461,605,2),(462,615,1),(463,625,2),(464,635,1),(465,645,2),(466,655,1),(467,665,2),(468,675,1),(469,685,2),(470,695,1);
INSERT INTO "empleado" (id_empleado,id_persona,id_sucursal) VALUES (471,705,1),(472,715,2),(473,725,1),(474,735,1),(475,745,2),(476,755,1),(477,765,2),(478,775,2),(479,785,2),(480,795,2);
INSERT INTO "empleado" (id_empleado,id_persona,id_sucursal) VALUES (481,805,1),(482,815,1),(483,825,2),(484,835,2),(485,845,1),(486,855,1),(487,865,1),(488,875,1),(489,885,1),(490,895,1);
INSERT INTO "empleado" (id_empleado,id_persona,id_sucursal) VALUES (491,905,2),(492,915,1),(493,925,1),(494,935,2),(495,945,1),(496,955,2),(497,965,1),(498,975,1),(499,985,2),(500,995,2);
INSERT INTO "empleado" (id_empleado,id_persona,id_sucursal) VALUES (501,6,1),(502,16,1),(503,26,1),(504,36,1),(505,46,2),(506,56,1),(507,66,1),(508,76,2),(509,86,1),(510,96,2);
INSERT INTO "empleado" (id_empleado,id_persona,id_sucursal) VALUES (511,106,2),(512,116,2),(513,126,2),(514,136,1),(515,146,1),(516,156,2),(517,166,1),(518,176,2),(519,186,1),(520,196,2);
INSERT INTO "empleado" (id_empleado,id_persona,id_sucursal) VALUES (521,206,1),(522,216,1),(523,226,2),(524,236,1),(525,246,1),(526,256,2),(527,266,1),(528,276,2),(529,286,2),(530,296,1);
INSERT INTO "empleado" (id_empleado,id_persona,id_sucursal) VALUES (531,306,2),(532,316,2),(533,326,2),(534,336,1),(535,346,1),(536,356,1),(537,366,1),(538,376,1),(539,386,2),(540,396,2);
INSERT INTO "empleado" (id_empleado,id_persona,id_sucursal) VALUES (541,406,2),(542,416,2),(543,426,2),(544,436,1),(545,446,2),(546,456,1),(547,466,1),(548,476,1),(549,486,2),(550,496,1);
INSERT INTO "empleado" (id_empleado,id_persona,id_sucursal) VALUES (551,506,1),(552,516,2),(553,526,1),(554,536,1),(555,546,2),(556,556,1),(557,566,2),(558,576,1),(559,586,1),(560,596,1);
INSERT INTO "empleado" (id_empleado,id_persona,id_sucursal) VALUES (561,606,1),(562,616,2),(563,626,2),(564,636,2),(565,646,2),(566,656,2),(567,666,1),(568,676,1),(569,686,2),(570,696,2);
INSERT INTO "empleado" (id_empleado,id_persona,id_sucursal) VALUES (571,706,1),(572,716,2),(573,726,2),(574,736,2),(575,746,2),(576,756,2),(577,766,2),(578,776,1),(579,786,1),(580,796,2);
INSERT INTO "empleado" (id_empleado,id_persona,id_sucursal) VALUES (581,806,1),(582,816,2),(583,826,1),(584,836,2),(585,846,2),(586,856,1),(587,866,2),(588,876,1),(589,886,1),(590,896,1);
INSERT INTO "empleado" (id_empleado,id_persona,id_sucursal) VALUES (591,906,1),(592,916,1),(593,926,1),(594,936,2),(595,946,2),(596,956,2),(597,966,1),(598,976,2),(599,986,2),(600,996,1);
INSERT INTO "empleado" (id_empleado,id_persona,id_sucursal) VALUES (601,7,2),(602,17,1),(603,27,1),(604,37,2),(605,47,2),(606,57,1),(607,67,2),(608,77,1),(609,87,2),(610,97,1);
INSERT INTO "empleado" (id_empleado,id_persona,id_sucursal) VALUES (611,107,2),(612,117,1),(613,127,1),(614,137,2),(615,147,1),(616,157,2),(617,167,1),(618,177,1),(619,187,1),(620,197,2);
INSERT INTO "empleado" (id_empleado,id_persona,id_sucursal) VALUES (621,207,2),(622,217,2),(623,227,2),(624,237,2),(625,247,1),(626,257,2),(627,267,1),(628,277,2),(629,287,2),(630,297,2);
INSERT INTO "empleado" (id_empleado,id_persona,id_sucursal) VALUES (631,307,1),(632,317,2),(633,327,2),(634,337,2),(635,347,1),(636,357,2),(637,367,1),(638,377,2),(639,387,1),(640,397,2);
INSERT INTO "empleado" (id_empleado,id_persona,id_sucursal) VALUES (641,407,2),(642,417,2),(643,427,2),(644,437,2),(645,447,1),(646,457,1),(647,467,1),(648,477,1),(649,487,2),(650,497,2);
INSERT INTO "empleado" (id_empleado,id_persona,id_sucursal) VALUES (651,507,2),(652,517,1),(653,527,1),(654,537,1),(655,547,1),(656,557,1),(657,567,1),(658,577,2),(659,587,2),(660,597,2);
INSERT INTO "empleado" (id_empleado,id_persona,id_sucursal) VALUES (661,607,1),(662,617,1),(663,627,1),(664,637,2),(665,647,1),(666,657,1),(667,667,1),(668,677,1),(669,687,1),(670,697,1);
INSERT INTO "empleado" (id_empleado,id_persona,id_sucursal) VALUES (671,707,2),(672,717,1),(673,727,2),(674,737,2),(675,747,2),(676,757,2),(677,767,2),(678,777,2),(679,787,2),(680,797,2);
INSERT INTO "empleado" (id_empleado,id_persona,id_sucursal) VALUES (681,807,2),(682,817,1),(683,827,2),(684,837,1),(685,847,2),(686,857,2),(687,867,2),(688,877,1),(689,887,2),(690,897,1);
INSERT INTO "empleado" (id_empleado,id_persona,id_sucursal) VALUES (691,907,1),(692,917,1),(693,927,1),(694,937,1),(695,947,1),(696,957,2),(697,967,2),(698,977,2),(699,987,2),(700,997,1);
INSERT INTO "empleado" (id_empleado,id_persona,id_sucursal) VALUES (701,8,1),(702,18,1),(703,28,1),(704,38,2),(705,48,2),(706,58,2),(707,68,1),(708,78,2),(709,88,1),(710,98,1);
INSERT INTO "empleado" (id_empleado,id_persona,id_sucursal) VALUES (711,108,2),(712,118,1),(713,128,1),(714,138,1),(715,148,1),(716,158,2),(717,168,2),(718,178,2),(719,188,2),(720,198,2);
INSERT INTO "empleado" (id_empleado,id_persona,id_sucursal) VALUES (721,208,2),(722,218,1),(723,228,2),(724,238,1),(725,248,1),(726,258,1),(727,268,1),(728,278,2),(729,288,1),(730,298,1);
INSERT INTO "empleado" (id_empleado,id_persona,id_sucursal) VALUES (731,308,2),(732,318,1),(733,328,2),(734,338,2),(735,348,1),(736,358,2),(737,368,2),(738,378,2),(739,388,2),(740,398,1);
INSERT INTO "empleado" (id_empleado,id_persona,id_sucursal) VALUES (741,408,2),(742,418,1),(743,428,1),(744,438,2),(745,448,2),(746,458,1),(747,468,1),(748,478,1),(749,488,2),(750,498,2);
INSERT INTO "empleado" (id_empleado,id_persona,id_sucursal) VALUES (751,508,2),(752,518,2),(753,528,2),(754,538,2),(755,548,2),(756,558,1),(757,568,2),(758,578,2),(759,588,2),(760,598,2);
INSERT INTO "empleado" (id_empleado,id_persona,id_sucursal) VALUES (761,608,1),(762,618,2),(763,628,1),(764,638,2),(765,648,2),(766,658,2),(767,668,1),(768,678,1),(769,688,2),(770,698,1);
INSERT INTO "empleado" (id_empleado,id_persona,id_sucursal) VALUES (771,708,2),(772,718,2),(773,728,2),(774,738,1),(775,748,2),(776,758,2),(777,768,1),(778,778,1),(779,788,2),(780,798,2);
INSERT INTO "empleado" (id_empleado,id_persona,id_sucursal) VALUES (781,808,2),(782,818,1),(783,828,1),(784,838,1),(785,848,1),(786,858,2),(787,868,2),(788,878,2),(789,888,1),(790,898,2);
INSERT INTO "empleado" (id_empleado,id_persona,id_sucursal) VALUES (791,908,2),(792,918,1),(793,928,1),(794,938,1),(795,948,1),(796,958,1),(797,968,2),(798,978,1),(799,988,1),(800,998,1);
INSERT INTO "empleado" (id_empleado,id_persona,id_sucursal) VALUES (801,9,1),(802,19,2),(803,29,1),(804,39,2),(805,49,2),(806,59,2),(807,69,2),(808,79,2),(809,89,2),(810,99,1);
INSERT INTO "empleado" (id_empleado,id_persona,id_sucursal) VALUES (811,109,1),(812,119,1),(813,129,1),(814,139,1),(815,149,2),(816,159,2),(817,169,2),(818,179,1),(819,189,2),(820,199,2);
INSERT INTO "empleado" (id_empleado,id_persona,id_sucursal) VALUES (821,209,1),(822,219,2),(823,229,1),(824,239,1),(825,249,2),(826,259,2),(827,269,2),(828,279,1),(829,289,1),(830,299,1);
INSERT INTO "empleado" (id_empleado,id_persona,id_sucursal) VALUES (831,309,2),(832,319,2),(833,329,2),(834,339,2),(835,349,1),(836,359,2),(837,369,1),(838,379,2),(839,389,1),(840,399,1);
INSERT INTO "empleado" (id_empleado,id_persona,id_sucursal) VALUES (841,409,1),(842,419,1),(843,429,1),(844,439,2),(845,449,1),(846,459,2),(847,469,1),(848,479,1),(849,489,2),(850,499,1);
INSERT INTO "empleado" (id_empleado,id_persona,id_sucursal) VALUES (851,509,1),(852,519,2),(853,529,1),(854,539,2),(855,549,2),(856,559,1),(857,569,2),(858,579,2),(859,589,2),(860,599,1);
INSERT INTO "empleado" (id_empleado,id_persona,id_sucursal) VALUES (861,609,1),(862,619,2),(863,629,1),(864,639,1),(865,649,2),(866,659,2),(867,669,1),(868,679,2),(869,689,2),(870,699,2);
INSERT INTO "empleado" (id_empleado,id_persona,id_sucursal) VALUES (871,709,2),(872,719,2),(873,729,2),(874,739,1),(875,749,1),(876,759,2),(877,769,2),(878,779,1),(879,789,2),(880,799,2);
INSERT INTO "empleado" (id_empleado,id_persona,id_sucursal) VALUES (881,809,2),(882,819,2),(883,829,1),(884,839,1),(885,849,2),(886,859,1),(887,869,2),(888,879,1),(889,889,2),(890,899,2);
INSERT INTO "empleado" (id_empleado,id_persona,id_sucursal) VALUES (891,909,1),(892,919,2),(893,929,2),(894,939,1),(895,949,2),(896,959,2),(897,969,1),(898,979,1),(899,989,1),(900,999,2);
INSERT INTO "empleado" (id_empleado,id_persona,id_sucursal) VALUES (901,10,2),(902,20,1),(903,30,1),(904,40,1),(905,50,2),(906,60,2),(907,70,2),(908,80,1),(909,90,2),(910,100,1);
INSERT INTO "empleado" (id_empleado,id_persona,id_sucursal) VALUES (911,110,1),(912,120,2),(913,130,2),(914,140,1),(915,150,2),(916,160,1),(917,170,1),(918,180,2),(919,190,2),(920,200,1);
INSERT INTO "empleado" (id_empleado,id_persona,id_sucursal) VALUES (921,210,2),(922,220,2),(923,230,1),(924,240,2),(925,250,2),(926,260,1),(927,270,1),(928,280,1),(929,290,1),(930,300,1);
INSERT INTO "empleado" (id_empleado,id_persona,id_sucursal) VALUES (931,310,2),(932,320,1),(933,330,2),(934,340,1),(935,350,1),(936,360,1),(937,370,2),(938,380,2),(939,390,1),(940,400,2);
INSERT INTO "empleado" (id_empleado,id_persona,id_sucursal) VALUES (941,410,2),(942,420,1),(943,430,2),(944,440,1),(945,450,2),(946,460,1),(947,470,1),(948,480,1),(949,490,2),(950,500,2);
INSERT INTO "empleado" (id_empleado,id_persona,id_sucursal) VALUES (951,510,2),(952,520,1),(953,530,1),(954,540,2),(955,550,1),(956,560,1),(957,570,2),(958,580,2),(959,590,1),(960,600,1);
INSERT INTO "empleado" (id_empleado,id_persona,id_sucursal) VALUES (961,610,1),(962,620,1),(963,630,1),(964,640,2),(965,650,2),(966,660,1),(967,670,1),(968,680,1),(969,690,2),(970,700,2);
INSERT INTO "empleado" (id_empleado,id_persona,id_sucursal) VALUES (971,710,2),(972,720,2),(973,730,1),(974,740,2),(975,750,2),(976,760,1),(977,770,2),(978,780,2),(979,790,1),(980,800,2);
INSERT INTO "empleado" (id_empleado,id_persona,id_sucursal) VALUES (981,810,2),(982,820,2),(983,830,2),(984,840,1),(985,850,2),(986,860,1),(987,870,1),(988,880,1),(989,890,2),(990,900,2);
INSERT INTO "empleado" (id_empleado,id_persona,id_sucursal) VALUES (991,910,1),(992,920,2),(993,930,1),(994,940,2),(995,950,1),(996,960,2),(997,970,2),(998,980,1),(999,990,1),(1000,1000,1);

INSERT INTO "recepcionista" (id_recepcionista,id_empleado) VALUES (1,1),(2,11),(3,21),(4,31),(5,41),(6,51),(7,61),(8,71),(9,81),(10,91);
INSERT INTO "recepcionista" (id_recepcionista,id_empleado) VALUES (11,101),(12,111),(13,121),(14,131),(15,141),(16,151),(17,161),(18,171),(19,181),(20,191);
INSERT INTO "recepcionista" (id_recepcionista,id_empleado) VALUES (21,201),(22,211),(23,221),(24,231),(25,241),(26,251),(27,261),(28,271),(29,281),(30,291);
INSERT INTO "recepcionista" (id_recepcionista,id_empleado) VALUES (31,301),(32,311),(33,321),(34,331),(35,341),(36,351),(37,361),(38,371),(39,381),(40,391);
INSERT INTO "recepcionista" (id_recepcionista,id_empleado) VALUES (41,401),(42,411),(43,421),(44,431),(45,441),(46,451),(47,461),(48,471),(49,481),(50,491);
INSERT INTO "recepcionista" (id_recepcionista,id_empleado) VALUES (51,501),(52,511),(53,521),(54,531),(55,541),(56,551),(57,561),(58,571),(59,581),(60,591);
INSERT INTO "recepcionista" (id_recepcionista,id_empleado) VALUES (61,601),(62,611),(63,621),(64,631),(65,641),(66,651),(67,661),(68,671),(69,681),(70,691);
INSERT INTO "recepcionista" (id_recepcionista,id_empleado) VALUES (71,701),(72,711),(73,721),(74,731),(75,741),(76,751),(77,761),(78,771),(79,781),(80,791);
INSERT INTO "recepcionista" (id_recepcionista,id_empleado) VALUES (81,801),(82,811),(83,821),(84,831),(85,841),(86,851),(87,861),(88,871),(89,881),(90,891);
INSERT INTO "recepcionista" (id_recepcionista,id_empleado) VALUES (91,901),(92,911),(93,921),(94,931),(95,941),(96,951),(97,961),(98,971),(99,981),(100,991);
INSERT INTO "recepcionista" (id_recepcionista,id_empleado) VALUES (101,2),(102,12),(103,22),(104,32),(105,42),(106,52),(107,62),(108,72),(109,82),(110,92);
INSERT INTO "recepcionista" (id_recepcionista,id_empleado) VALUES (111,102),(112,112),(113,122),(114,132),(115,142),(116,152),(117,162),(118,172),(119,182),(120,192);
INSERT INTO "recepcionista" (id_recepcionista,id_empleado) VALUES (121,202),(122,212),(123,222),(124,232),(125,242),(126,252),(127,262),(128,272),(129,282),(130,292);
INSERT INTO "recepcionista" (id_recepcionista,id_empleado) VALUES (131,302),(132,312),(133,322),(134,332),(135,342),(136,352),(137,362),(138,372),(139,382),(140,392);
INSERT INTO "recepcionista" (id_recepcionista,id_empleado) VALUES (141,402),(142,412),(143,422),(144,432),(145,442),(146,452),(147,462),(148,472),(149,482),(150,492);
INSERT INTO "recepcionista" (id_recepcionista,id_empleado) VALUES (151,502),(152,512),(153,522),(154,532),(155,542),(156,552),(157,562),(158,572),(159,582),(160,592);
INSERT INTO "recepcionista" (id_recepcionista,id_empleado) VALUES (161,602),(162,612),(163,622),(164,632),(165,642),(166,652),(167,662),(168,672),(169,682),(170,692);
INSERT INTO "recepcionista" (id_recepcionista,id_empleado) VALUES (171,702),(172,712),(173,722),(174,732),(175,742),(176,752),(177,762),(178,772),(179,782),(180,792);
INSERT INTO "recepcionista" (id_recepcionista,id_empleado) VALUES (181,802),(182,812),(183,822),(184,832),(185,842),(186,852),(187,862),(188,872),(189,882),(190,892);
INSERT INTO "recepcionista" (id_recepcionista,id_empleado) VALUES (191,902),(192,912),(193,922),(194,932),(195,942),(196,952),(197,962),(198,972),(199,982),(200,992);
INSERT INTO "recepcionista" (id_recepcionista,id_empleado) VALUES (201,3),(202,13),(203,23),(204,33),(205,43),(206,53),(207,63),(208,73),(209,83),(210,93);
INSERT INTO "recepcionista" (id_recepcionista,id_empleado) VALUES (211,103),(212,113),(213,123),(214,133),(215,143),(216,153),(217,163),(218,173),(219,183),(220,193);
INSERT INTO "recepcionista" (id_recepcionista,id_empleado) VALUES (221,203),(222,213),(223,223),(224,233),(225,243),(226,253),(227,263),(228,273),(229,283),(230,293);
INSERT INTO "recepcionista" (id_recepcionista,id_empleado) VALUES (231,303),(232,313),(233,323),(234,333),(235,343),(236,353),(237,363),(238,373),(239,383),(240,393);
INSERT INTO "recepcionista" (id_recepcionista,id_empleado) VALUES (241,403),(242,413),(243,423),(244,433),(245,443),(246,453),(247,463),(248,473),(249,483),(250,493);
INSERT INTO "recepcionista" (id_recepcionista,id_empleado) VALUES (251,503),(252,513),(253,523),(254,533),(255,543),(256,553),(257,563),(258,573),(259,583),(260,593);
INSERT INTO "recepcionista" (id_recepcionista,id_empleado) VALUES (261,603),(262,613),(263,623),(264,633),(265,643),(266,653),(267,663),(268,673),(269,683),(270,693);
INSERT INTO "recepcionista" (id_recepcionista,id_empleado) VALUES (271,703),(272,713),(273,723),(274,733),(275,743),(276,753),(277,763),(278,773),(279,783),(280,793);
INSERT INTO "recepcionista" (id_recepcionista,id_empleado) VALUES (281,803),(282,813),(283,823),(284,833),(285,843),(286,853),(287,863),(288,873),(289,883),(290,893);
INSERT INTO "recepcionista" (id_recepcionista,id_empleado) VALUES (291,903),(292,913),(293,923),(294,933),(295,943),(296,953),(297,963),(298,973),(299,983),(300,993);
INSERT INTO "recepcionista" (id_recepcionista,id_empleado) VALUES (301,4),(302,14),(303,24),(304,34),(305,44),(306,54),(307,64),(308,74),(309,84),(310,94);
INSERT INTO "recepcionista" (id_recepcionista,id_empleado) VALUES (311,104),(312,114),(313,124),(314,134),(315,144),(316,154),(317,164),(318,174),(319,184),(320,194);
INSERT INTO "recepcionista" (id_recepcionista,id_empleado) VALUES (321,204),(322,214),(323,224),(324,234),(325,244),(326,254),(327,264),(328,274),(329,284),(330,294);
INSERT INTO "recepcionista" (id_recepcionista,id_empleado) VALUES (331,304),(332,314),(333,324),(334,334),(335,344),(336,354),(337,364),(338,374),(339,384),(340,394);
INSERT INTO "recepcionista" (id_recepcionista,id_empleado) VALUES (341,404),(342,414),(343,424),(344,434),(345,444),(346,454),(347,464),(348,474),(349,484),(350,494);
INSERT INTO "recepcionista" (id_recepcionista,id_empleado) VALUES (351,504),(352,514),(353,524),(354,534),(355,544),(356,554),(357,564),(358,574),(359,584),(360,594);
INSERT INTO "recepcionista" (id_recepcionista,id_empleado) VALUES (361,604),(362,614),(363,624),(364,634),(365,644),(366,654),(367,664),(368,674),(369,684),(370,694);
INSERT INTO "recepcionista" (id_recepcionista,id_empleado) VALUES (371,704),(372,714),(373,724),(374,734),(375,744),(376,754),(377,764),(378,774),(379,784),(380,794);
INSERT INTO "recepcionista" (id_recepcionista,id_empleado) VALUES (381,804),(382,814),(383,824),(384,834),(385,844),(386,854),(387,864),(388,874),(389,884),(390,894);
INSERT INTO "recepcionista" (id_recepcionista,id_empleado) VALUES (391,904),(392,914),(393,924),(394,934),(395,944),(396,954),(397,964),(398,974),(399,984),(400,994);
INSERT INTO "recepcionista" (id_recepcionista,id_empleado) VALUES (401,5),(402,15),(403,25),(404,35),(405,45),(406,55),(407,65),(408,75),(409,85),(410,95);
INSERT INTO "recepcionista" (id_recepcionista,id_empleado) VALUES (411,105),(412,115),(413,125),(414,135),(415,145),(416,155),(417,165),(418,175),(419,185),(420,195);
INSERT INTO "recepcionista" (id_recepcionista,id_empleado) VALUES (421,205),(422,215),(423,225),(424,235),(425,245),(426,255),(427,265),(428,275),(429,285),(430,295);
INSERT INTO "recepcionista" (id_recepcionista,id_empleado) VALUES (431,305),(432,315),(433,325),(434,335),(435,345),(436,355),(437,365),(438,375),(439,385),(440,395);
INSERT INTO "recepcionista" (id_recepcionista,id_empleado) VALUES (441,405),(442,415),(443,425),(444,435),(445,445),(446,455),(447,465),(448,475),(449,485),(450,495);
INSERT INTO "recepcionista" (id_recepcionista,id_empleado) VALUES (451,505),(452,515),(453,525),(454,535),(455,545),(456,555),(457,565),(458,575),(459,585),(460,595);
INSERT INTO "recepcionista" (id_recepcionista,id_empleado) VALUES (461,605),(462,615),(463,625),(464,635),(465,645),(466,655),(467,665),(468,675),(469,685),(470,695);
INSERT INTO "recepcionista" (id_recepcionista,id_empleado) VALUES (471,705),(472,715),(473,725),(474,735),(475,745),(476,755),(477,765),(478,775),(479,785),(480,795);
INSERT INTO "recepcionista" (id_recepcionista,id_empleado) VALUES (481,805),(482,815),(483,825),(484,835),(485,845),(486,855),(487,865),(488,875),(489,885),(490,895);
INSERT INTO "recepcionista" (id_recepcionista,id_empleado) VALUES (491,905),(492,915),(493,925),(494,935),(495,945),(496,955),(497,965),(498,975),(499,985),(500,995);
INSERT INTO "repartidor" (id_repartidor,id_empleado) VALUES (1,6),(2,16),(3,26),(4,36),(5,46),(6,56),(7,66),(8,76),(9,86),(10,96);
INSERT INTO "repartidor" (id_repartidor,id_empleado) VALUES (11,106),(12,116),(13,126),(14,136),(15,146),(16,156),(17,166),(18,176),(19,186),(20,196);
INSERT INTO "repartidor" (id_repartidor,id_empleado) VALUES (21,206),(22,216),(23,226),(24,236),(25,246),(26,256),(27,266),(28,276),(29,286),(30,296);
INSERT INTO "repartidor" (id_repartidor,id_empleado) VALUES (31,306),(32,316),(33,326),(34,336),(35,346),(36,356),(37,366),(38,376),(39,386),(40,396);
INSERT INTO "repartidor" (id_repartidor,id_empleado) VALUES (41,406),(42,416),(43,426),(44,436),(45,446),(46,456),(47,466),(48,476),(49,486),(50,496);
INSERT INTO "repartidor" (id_repartidor,id_empleado) VALUES (51,506),(52,516),(53,526),(54,536),(55,546),(56,556),(57,566),(58,576),(59,586),(60,596);
INSERT INTO "repartidor" (id_repartidor,id_empleado) VALUES (61,606),(62,616),(63,626),(64,636),(65,646),(66,656),(67,666),(68,676),(69,686),(70,696);
INSERT INTO "repartidor" (id_repartidor,id_empleado) VALUES (71,706),(72,716),(73,726),(74,736),(75,746),(76,756),(77,766),(78,776),(79,786),(80,796);
INSERT INTO "repartidor" (id_repartidor,id_empleado) VALUES (81,806),(82,816),(83,826),(84,836),(85,846),(86,856),(87,866),(88,876),(89,886),(90,896);
INSERT INTO "repartidor" (id_repartidor,id_empleado) VALUES (91,906),(92,916),(93,926),(94,936),(95,946),(96,956),(97,966),(98,976),(99,986),(100,996);
INSERT INTO "repartidor" (id_repartidor,id_empleado) VALUES (101,7),(102,17),(103,27),(104,37),(105,47),(106,57),(107,67),(108,77),(109,87),(110,97);
INSERT INTO "repartidor" (id_repartidor,id_empleado) VALUES (111,107),(112,117),(113,127),(114,137),(115,147),(116,157),(117,167),(118,177),(119,187),(120,197);
INSERT INTO "repartidor" (id_repartidor,id_empleado) VALUES (121,207),(122,217),(123,227),(124,237),(125,247),(126,257),(127,267),(128,277),(129,287),(130,297);
INSERT INTO "repartidor" (id_repartidor,id_empleado) VALUES (131,307),(132,317),(133,327),(134,337),(135,347),(136,357),(137,367),(138,377),(139,387),(140,397);
INSERT INTO "repartidor" (id_repartidor,id_empleado) VALUES (141,407),(142,417),(143,427),(144,437),(145,447),(146,457),(147,467),(148,477),(149,487),(150,497);
INSERT INTO "repartidor" (id_repartidor,id_empleado) VALUES (151,507),(152,517),(153,527),(154,537),(155,547),(156,557),(157,567),(158,577),(159,587),(160,597);
INSERT INTO "repartidor" (id_repartidor,id_empleado) VALUES (161,607),(162,617),(163,627),(164,637),(165,647),(166,657),(167,667),(168,677),(169,687),(170,697);
INSERT INTO "repartidor" (id_repartidor,id_empleado) VALUES (171,707),(172,717),(173,727),(174,737),(175,747),(176,757),(177,767),(178,777),(179,787),(180,797);
INSERT INTO "repartidor" (id_repartidor,id_empleado) VALUES (181,807),(182,817),(183,827),(184,837),(185,847),(186,857),(187,867),(188,877),(189,887),(190,897);
INSERT INTO "repartidor" (id_repartidor,id_empleado) VALUES (191,907),(192,917),(193,927),(194,937),(195,947),(196,957),(197,967),(198,977),(199,987),(200,997);
INSERT INTO "repartidor" (id_repartidor,id_empleado) VALUES (201,8),(202,18),(203,28),(204,38),(205,48),(206,58),(207,68),(208,78),(209,88),(210,98);
INSERT INTO "repartidor" (id_repartidor,id_empleado) VALUES (211,108),(212,118),(213,128),(214,138),(215,148),(216,158),(217,168),(218,178),(219,188),(220,198);
INSERT INTO "repartidor" (id_repartidor,id_empleado) VALUES (221,208),(222,218),(223,228),(224,238),(225,248),(226,258),(227,268),(228,278),(229,288),(230,298);
INSERT INTO "repartidor" (id_repartidor,id_empleado) VALUES (231,308),(232,318),(233,328),(234,338),(235,348),(236,358),(237,368),(238,378),(239,388),(240,398);
INSERT INTO "repartidor" (id_repartidor,id_empleado) VALUES (241,408),(242,418),(243,428),(244,438),(245,448),(246,458),(247,468),(248,478),(249,488),(250,498);
INSERT INTO "repartidor" (id_repartidor,id_empleado) VALUES (251,508),(252,518),(253,528),(254,538),(255,548),(256,558),(257,568),(258,578),(259,588),(260,598);
INSERT INTO "repartidor" (id_repartidor,id_empleado) VALUES (261,608),(262,618),(263,628),(264,638),(265,648),(266,658),(267,668),(268,678),(269,688),(270,698);
INSERT INTO "repartidor" (id_repartidor,id_empleado) VALUES (271,708),(272,718),(273,728),(274,738),(275,748),(276,758),(277,768),(278,778),(279,788),(280,798);
INSERT INTO "repartidor" (id_repartidor,id_empleado) VALUES (281,808),(282,818),(283,828),(284,838),(285,848),(286,858),(287,868),(288,878),(289,888),(290,898);
INSERT INTO "repartidor" (id_repartidor,id_empleado) VALUES (291,908),(292,918),(293,928),(294,938),(295,948),(296,958),(297,968),(298,978),(299,988),(300,998);
INSERT INTO "repartidor" (id_repartidor,id_empleado) VALUES (301,9),(302,19),(303,29),(304,39),(305,49),(306,59),(307,69),(308,79),(309,89),(310,99);
INSERT INTO "repartidor" (id_repartidor,id_empleado) VALUES (311,109),(312,119),(313,129),(314,139),(315,149),(316,159),(317,169),(318,179),(319,189),(320,199);
INSERT INTO "repartidor" (id_repartidor,id_empleado) VALUES (321,209),(322,219),(323,229),(324,239),(325,249),(326,259),(327,269),(328,279),(329,289),(330,299);
INSERT INTO "repartidor" (id_repartidor,id_empleado) VALUES (331,309),(332,319),(333,329),(334,339),(335,349),(336,359),(337,369),(338,379),(339,389),(340,399);
INSERT INTO "repartidor" (id_repartidor,id_empleado) VALUES (341,409),(342,419),(343,429),(344,439),(345,449),(346,459),(347,469),(348,479),(349,489),(350,499);
INSERT INTO "repartidor" (id_repartidor,id_empleado) VALUES (351,509),(352,519),(353,529),(354,539),(355,549),(356,559),(357,569),(358,579),(359,589),(360,599);
INSERT INTO "repartidor" (id_repartidor,id_empleado) VALUES (361,609),(362,619),(363,629),(364,639),(365,649),(366,659),(367,669),(368,679),(369,689),(370,699);
INSERT INTO "repartidor" (id_repartidor,id_empleado) VALUES (371,709),(372,719),(373,729),(374,739),(375,749),(376,759),(377,769),(378,779),(379,789),(380,799);
INSERT INTO "repartidor" (id_repartidor,id_empleado) VALUES (381,809),(382,819),(383,829),(384,839),(385,849),(386,859),(387,869),(388,879),(389,889),(390,899);
INSERT INTO "repartidor" (id_repartidor,id_empleado) VALUES (391,909),(392,919),(393,929),(394,939),(395,949),(396,959),(397,969),(398,979),(399,989),(400,999);
INSERT INTO "repartidor" (id_repartidor,id_empleado) VALUES (401,10),(402,20),(403,30),(404,40),(405,50),(406,60),(407,70),(408,80),(409,90),(410,100);
INSERT INTO "repartidor" (id_repartidor,id_empleado) VALUES (411,110),(412,120),(413,130),(414,140),(415,150),(416,160),(417,170),(418,180),(419,190),(420,200);
INSERT INTO "repartidor" (id_repartidor,id_empleado) VALUES (421,210),(422,220),(423,230),(424,240),(425,250),(426,260),(427,270),(428,280),(429,290),(430,300);
INSERT INTO "repartidor" (id_repartidor,id_empleado) VALUES (431,310),(432,320),(433,330),(434,340),(435,350),(436,360),(437,370),(438,380),(439,390),(440,400);
INSERT INTO "repartidor" (id_repartidor,id_empleado) VALUES (441,410),(442,420),(443,430),(444,440),(445,450),(446,460),(447,470),(448,480),(449,490),(450,500);
INSERT INTO "repartidor" (id_repartidor,id_empleado) VALUES (451,510),(452,520),(453,530),(454,540),(455,550),(456,560),(457,570),(458,580),(459,590),(460,600);
INSERT INTO "repartidor" (id_repartidor,id_empleado) VALUES (461,610),(462,620),(463,630),(464,640),(465,650),(466,660),(467,670),(468,680),(469,690),(470,700);
INSERT INTO "repartidor" (id_repartidor,id_empleado) VALUES (471,710),(472,720),(473,730),(474,740),(475,750),(476,760),(477,770),(478,780),(479,790),(480,800);
INSERT INTO "repartidor" (id_repartidor,id_empleado) VALUES (481,810),(482,820),(483,830),(484,840),(485,850),(486,860),(487,870),(488,880),(489,890),(490,900);
INSERT INTO "repartidor" (id_repartidor,id_empleado) VALUES (491,910),(492,920),(493,930),(494,940),(495,950),(496,960),(497,970),(498,980),(499,990),(500,1000);

SELECT *
FROM c_tipo_producto;


SELECT *
FROM empleado;


--Cliente
INSERT INTO "cliente" (id_cliente,id_persona) VALUES (1,1001),(2,1021),(3,1041),(4,1061),(5,1081),(6,1101),(7,1121),(8,1141),(9,1161),(10,1181);
INSERT INTO "cliente" (id_cliente,id_persona) VALUES (11,1201),(12,1221),(13,1241),(14,1261),(15,1281),(16,1301),(17,1321),(18,1341),(19,1361),(20,1381);
INSERT INTO "cliente" (id_cliente,id_persona) VALUES (21,1401),(22,1421),(23,1441),(24,1461),(25,1481),(26,1501),(27,1521),(28,1541),(29,1561),(30,1581);
INSERT INTO "cliente" (id_cliente,id_persona) VALUES (31,1601),(32,1621),(33,1641),(34,1661),(35,1681),(36,1701),(37,1721),(38,1741),(39,1761),(40,1781);
INSERT INTO "cliente" (id_cliente,id_persona) VALUES (41,1801),(42,1821),(43,1841),(44,1861),(45,1881),(46,1901),(47,1921),(48,1941),(49,1961),(50,1981);
INSERT INTO "cliente" (id_cliente,id_persona) VALUES (51,2001),(52,2021),(53,2041),(54,2061),(55,2081),(56,2101),(57,2121),(58,2141),(59,2161),(60,2181);
INSERT INTO "cliente" (id_cliente,id_persona) VALUES (61,2201),(62,2221),(63,2241),(64,2261),(65,2281),(66,2301),(67,2321),(68,2341),(69,2361),(70,2381);
INSERT INTO "cliente" (id_cliente,id_persona) VALUES (71,2401),(72,2421),(73,2441),(74,2461),(75,2481),(76,2501),(77,2521),(78,2541),(79,2561),(80,2581);
INSERT INTO "cliente" (id_cliente,id_persona) VALUES (81,2601),(82,2621),(83,2641),(84,2661),(85,2681),(86,2701),(87,2721),(88,2741),(89,2761),(90,2781);
INSERT INTO "cliente" (id_cliente,id_persona) VALUES (91,2801),(92,2821),(93,2841),(94,2861),(95,2881),(96,2901),(97,2921),(98,2941),(99,2961),(100,2981);
INSERT INTO "cliente" (id_cliente,id_persona) VALUES (101,1002),(102,1022),(103,1042),(104,1062),(105,1082),(106,1102),(107,1122),(108,1142),(109,1162),(110,1182);
INSERT INTO "cliente" (id_cliente,id_persona) VALUES (111,1202),(112,1222),(113,1242),(114,1262),(115,1282),(116,1302),(117,1322),(118,1342),(119,1362),(120,1382);
INSERT INTO "cliente" (id_cliente,id_persona) VALUES (121,1402),(122,1422),(123,1442),(124,1462),(125,1482),(126,1502),(127,1522),(128,1542),(129,1562),(130,1582);
INSERT INTO "cliente" (id_cliente,id_persona) VALUES (131,1602),(132,1622),(133,1642),(134,1662),(135,1682),(136,1702),(137,1722),(138,1742),(139,1762),(140,1782);
INSERT INTO "cliente" (id_cliente,id_persona) VALUES (141,1802),(142,1822),(143,1842),(144,1862),(145,1882),(146,1902),(147,1922),(148,1942),(149,1962),(150,1982);
INSERT INTO "cliente" (id_cliente,id_persona) VALUES (151,2002),(152,2022),(153,2042),(154,2062),(155,2082),(156,2102),(157,2122),(158,2142),(159,2162),(160,2182);
INSERT INTO "cliente" (id_cliente,id_persona) VALUES (161,2202),(162,2222),(163,2242),(164,2262),(165,2282),(166,2302),(167,2322),(168,2342),(169,2362),(170,2382);
INSERT INTO "cliente" (id_cliente,id_persona) VALUES (171,2402),(172,2422),(173,2442),(174,2462),(175,2482),(176,2502),(177,2522),(178,2542),(179,2562),(180,2582);
INSERT INTO "cliente" (id_cliente,id_persona) VALUES (181,2602),(182,2622),(183,2642),(184,2662),(185,2682),(186,2702),(187,2722),(188,2742),(189,2762),(190,2782);
INSERT INTO "cliente" (id_cliente,id_persona) VALUES (191,2802),(192,2822),(193,2842),(194,2862),(195,2882),(196,2902),(197,2922),(198,2942),(199,2962),(200,2982);
INSERT INTO "cliente" (id_cliente,id_persona) VALUES (201,1003),(202,1023),(203,1043),(204,1063),(205,1083),(206,1103),(207,1123),(208,1143),(209,1163),(210,1183);
INSERT INTO "cliente" (id_cliente,id_persona) VALUES (211,1203),(212,1223),(213,1243),(214,1263),(215,1283),(216,1303),(217,1323),(218,1343),(219,1363),(220,1383);
INSERT INTO "cliente" (id_cliente,id_persona) VALUES (221,1403),(222,1423),(223,1443),(224,1463),(225,1483),(226,1503),(227,1523),(228,1543),(229,1563),(230,1583);
INSERT INTO "cliente" (id_cliente,id_persona) VALUES (231,1603),(232,1623),(233,1643),(234,1663),(235,1683),(236,1703),(237,1723),(238,1743),(239,1763),(240,1783);
INSERT INTO "cliente" (id_cliente,id_persona) VALUES (241,1803),(242,1823),(243,1843),(244,1863),(245,1883),(246,1903),(247,1923),(248,1943),(249,1963),(250,1983);
INSERT INTO "cliente" (id_cliente,id_persona) VALUES (251,2003),(252,2023),(253,2043),(254,2063),(255,2083),(256,2103),(257,2123),(258,2143),(259,2163),(260,2183);
INSERT INTO "cliente" (id_cliente,id_persona) VALUES (261,2203),(262,2223),(263,2243),(264,2263),(265,2283),(266,2303),(267,2323),(268,2343),(269,2363),(270,2383);
INSERT INTO "cliente" (id_cliente,id_persona) VALUES (271,2403),(272,2423),(273,2443),(274,2463),(275,2483),(276,2503),(277,2523),(278,2543),(279,2563),(280,2583);
INSERT INTO "cliente" (id_cliente,id_persona) VALUES (281,2603),(282,2623),(283,2643),(284,2663),(285,2683),(286,2703),(287,2723),(288,2743),(289,2763),(290,2783);
INSERT INTO "cliente" (id_cliente,id_persona) VALUES (291,2803),(292,2823),(293,2843),(294,2863),(295,2883),(296,2903),(297,2923),(298,2943),(299,2963),(300,2983);
INSERT INTO "cliente" (id_cliente,id_persona) VALUES (301,1004),(302,1024),(303,1044),(304,1064),(305,1084),(306,1104),(307,1124),(308,1144),(309,1164),(310,1184);
INSERT INTO "cliente" (id_cliente,id_persona) VALUES (311,1204),(312,1224),(313,1244),(314,1264),(315,1284),(316,1304),(317,1324),(318,1344),(319,1364),(320,1384);
INSERT INTO "cliente" (id_cliente,id_persona) VALUES (321,1404),(322,1424),(323,1444),(324,1464),(325,1484),(326,1504),(327,1524),(328,1544),(329,1564),(330,1584);
INSERT INTO "cliente" (id_cliente,id_persona) VALUES (331,1604),(332,1624),(333,1644),(334,1664),(335,1684),(336,1704),(337,1724),(338,1744),(339,1764),(340,1784);
INSERT INTO "cliente" (id_cliente,id_persona) VALUES (341,1804),(342,1824),(343,1844),(344,1864),(345,1884),(346,1904),(347,1924),(348,1944),(349,1964),(350,1984);
INSERT INTO "cliente" (id_cliente,id_persona) VALUES (351,2004),(352,2024),(353,2044),(354,2064),(355,2084),(356,2104),(357,2124),(358,2144),(359,2164),(360,2184);
INSERT INTO "cliente" (id_cliente,id_persona) VALUES (361,2204),(362,2224),(363,2244),(364,2264),(365,2284),(366,2304),(367,2324),(368,2344),(369,2364),(370,2384);
INSERT INTO "cliente" (id_cliente,id_persona) VALUES (371,2404),(372,2424),(373,2444),(374,2464),(375,2484),(376,2504),(377,2524),(378,2544),(379,2564),(380,2584);
INSERT INTO "cliente" (id_cliente,id_persona) VALUES (381,2604),(382,2624),(383,2644),(384,2664),(385,2684),(386,2704),(387,2724),(388,2744),(389,2764),(390,2784);
INSERT INTO "cliente" (id_cliente,id_persona) VALUES (391,2804),(392,2824),(393,2844),(394,2864),(395,2884),(396,2904),(397,2924),(398,2944),(399,2964),(400,2984);
INSERT INTO "cliente" (id_cliente,id_persona) VALUES (401,1005),(402,1025),(403,1045),(404,1065),(405,1085),(406,1105),(407,1125),(408,1145),(409,1165),(410,1185);
INSERT INTO "cliente" (id_cliente,id_persona) VALUES (411,1205),(412,1225),(413,1245),(414,1265),(415,1285),(416,1305),(417,1325),(418,1345),(419,1365),(420,1385);
INSERT INTO "cliente" (id_cliente,id_persona) VALUES (421,1405),(422,1425),(423,1445),(424,1465),(425,1485),(426,1505),(427,1525),(428,1545),(429,1565),(430,1585);
INSERT INTO "cliente" (id_cliente,id_persona) VALUES (431,1605),(432,1625),(433,1645),(434,1665),(435,1685),(436,1705),(437,1725),(438,1745),(439,1765),(440,1785);
INSERT INTO "cliente" (id_cliente,id_persona) VALUES (441,1805),(442,1825),(443,1845),(444,1865),(445,1885),(446,1905),(447,1925),(448,1945),(449,1965),(450,1985);
INSERT INTO "cliente" (id_cliente,id_persona) VALUES (451,2005),(452,2025),(453,2045),(454,2065),(455,2085),(456,2105),(457,2125),(458,2145),(459,2165),(460,2185);
INSERT INTO "cliente" (id_cliente,id_persona) VALUES (461,2205),(462,2225),(463,2245),(464,2265),(465,2285),(466,2305),(467,2325),(468,2345),(469,2365),(470,2385);
INSERT INTO "cliente" (id_cliente,id_persona) VALUES (471,2405),(472,2425),(473,2445),(474,2465),(475,2485),(476,2505),(477,2525),(478,2545),(479,2565),(480,2585);
INSERT INTO "cliente" (id_cliente,id_persona) VALUES (481,2605),(482,2625),(483,2645),(484,2665),(485,2685),(486,2705),(487,2725),(488,2745),(489,2765),(490,2785);
INSERT INTO "cliente" (id_cliente,id_persona) VALUES (491,2805),(492,2825),(493,2845),(494,2865),(495,2885),(496,2905),(497,2925),(498,2945),(499,2965),(500,2985);
INSERT INTO "cliente" (id_cliente,id_persona) VALUES (501,1006),(502,1026),(503,1046),(504,1066),(505,1086),(506,1106),(507,1126),(508,1146),(509,1166),(510,1186);
INSERT INTO "cliente" (id_cliente,id_persona) VALUES (511,1206),(512,1226),(513,1246),(514,1266),(515,1286),(516,1306),(517,1326),(518,1346),(519,1366),(520,1386);
INSERT INTO "cliente" (id_cliente,id_persona) VALUES (521,1406),(522,1426),(523,1446),(524,1466),(525,1486),(526,1506),(527,1526),(528,1546),(529,1566),(530,1586);
INSERT INTO "cliente" (id_cliente,id_persona) VALUES (531,1606),(532,1626),(533,1646),(534,1666),(535,1686),(536,1706),(537,1726),(538,1746),(539,1766),(540,1786);
INSERT INTO "cliente" (id_cliente,id_persona) VALUES (541,1806),(542,1826),(543,1846),(544,1866),(545,1886),(546,1906),(547,1926),(548,1946),(549,1966),(550,1986);
INSERT INTO "cliente" (id_cliente,id_persona) VALUES (551,2006),(552,2026),(553,2046),(554,2066),(555,2086),(556,2106),(557,2126),(558,2146),(559,2166),(560,2186);
INSERT INTO "cliente" (id_cliente,id_persona) VALUES (561,2206),(562,2226),(563,2246),(564,2266),(565,2286),(566,2306),(567,2326),(568,2346),(569,2366),(570,2386);
INSERT INTO "cliente" (id_cliente,id_persona) VALUES (571,2406),(572,2426),(573,2446),(574,2466),(575,2486),(576,2506),(577,2526),(578,2546),(579,2566),(580,2586);
INSERT INTO "cliente" (id_cliente,id_persona) VALUES (581,2606),(582,2626),(583,2646),(584,2666),(585,2686),(586,2706),(587,2726),(588,2746),(589,2766),(590,2786);
INSERT INTO "cliente" (id_cliente,id_persona) VALUES (591,2806),(592,2826),(593,2846),(594,2866),(595,2886),(596,2906),(597,2926),(598,2946),(599,2966),(600,2986);
INSERT INTO "cliente" (id_cliente,id_persona) VALUES (601,1007),(602,1027),(603,1047),(604,1067),(605,1087),(606,1107),(607,1127),(608,1147),(609,1167),(610,1187);
INSERT INTO "cliente" (id_cliente,id_persona) VALUES (611,1207),(612,1227),(613,1247),(614,1267),(615,1287),(616,1307),(617,1327),(618,1347),(619,1367),(620,1387);
INSERT INTO "cliente" (id_cliente,id_persona) VALUES (621,1407),(622,1427),(623,1447),(624,1467),(625,1487),(626,1507),(627,1527),(628,1547),(629,1567),(630,1587);
INSERT INTO "cliente" (id_cliente,id_persona) VALUES (631,1607),(632,1627),(633,1647),(634,1667),(635,1687),(636,1707),(637,1727),(638,1747),(639,1767),(640,1787);
INSERT INTO "cliente" (id_cliente,id_persona) VALUES (641,1807),(642,1827),(643,1847),(644,1867),(645,1887),(646,1907),(647,1927),(648,1947),(649,1967),(650,1987);
INSERT INTO "cliente" (id_cliente,id_persona) VALUES (651,2007),(652,2027),(653,2047),(654,2067),(655,2087),(656,2107),(657,2127),(658,2147),(659,2167),(660,2187);
INSERT INTO "cliente" (id_cliente,id_persona) VALUES (661,2207),(662,2227),(663,2247),(664,2267),(665,2287),(666,2307),(667,2327),(668,2347),(669,2367),(670,2387);
INSERT INTO "cliente" (id_cliente,id_persona) VALUES (671,2407),(672,2427),(673,2447),(674,2467),(675,2487),(676,2507),(677,2527),(678,2547),(679,2567),(680,2587);
INSERT INTO "cliente" (id_cliente,id_persona) VALUES (681,2607),(682,2627),(683,2647),(684,2667),(685,2687),(686,2707),(687,2727),(688,2747),(689,2767),(690,2787);
INSERT INTO "cliente" (id_cliente,id_persona) VALUES (691,2807),(692,2827),(693,2847),(694,2867),(695,2887),(696,2907),(697,2927),(698,2947),(699,2967),(700,2987);
INSERT INTO "cliente" (id_cliente,id_persona) VALUES (701,1008),(702,1028),(703,1048),(704,1068),(705,1088),(706,1108),(707,1128),(708,1148),(709,1168),(710,1188);
INSERT INTO "cliente" (id_cliente,id_persona) VALUES (711,1208),(712,1228),(713,1248),(714,1268),(715,1288),(716,1308),(717,1328),(718,1348),(719,1368),(720,1388);
INSERT INTO "cliente" (id_cliente,id_persona) VALUES (721,1408),(722,1428),(723,1448),(724,1468),(725,1488),(726,1508),(727,1528),(728,1548),(729,1568),(730,1588);
INSERT INTO "cliente" (id_cliente,id_persona) VALUES (731,1608),(732,1628),(733,1648),(734,1668),(735,1688),(736,1708),(737,1728),(738,1748),(739,1768),(740,1788);
INSERT INTO "cliente" (id_cliente,id_persona) VALUES (741,1808),(742,1828),(743,1848),(744,1868),(745,1888),(746,1908),(747,1928),(748,1948),(749,1968),(750,1988);
INSERT INTO "cliente" (id_cliente,id_persona) VALUES (751,2008),(752,2028),(753,2048),(754,2068),(755,2088),(756,2108),(757,2128),(758,2148),(759,2168),(760,2188);
INSERT INTO "cliente" (id_cliente,id_persona) VALUES (761,2208),(762,2228),(763,2248),(764,2268),(765,2288),(766,2308),(767,2328),(768,2348),(769,2368),(770,2388);
INSERT INTO "cliente" (id_cliente,id_persona) VALUES (771,2408),(772,2428),(773,2448),(774,2468),(775,2488),(776,2508),(777,2528),(778,2548),(779,2568),(780,2588);
INSERT INTO "cliente" (id_cliente,id_persona) VALUES (781,2608),(782,2628),(783,2648),(784,2668),(785,2688),(786,2708),(787,2728),(788,2748),(789,2768),(790,2788);
INSERT INTO "cliente" (id_cliente,id_persona) VALUES (791,2808),(792,2828),(793,2848),(794,2868),(795,2888),(796,2908),(797,2928),(798,2948),(799,2968),(800,2988);
INSERT INTO "cliente" (id_cliente,id_persona) VALUES (801,1009),(802,1029),(803,1049),(804,1069),(805,1089),(806,1109),(807,1129),(808,1149),(809,1169),(810,1189);
INSERT INTO "cliente" (id_cliente,id_persona) VALUES (811,1209),(812,1229),(813,1249),(814,1269),(815,1289),(816,1309),(817,1329),(818,1349),(819,1369),(820,1389);
INSERT INTO "cliente" (id_cliente,id_persona) VALUES (821,1409),(822,1429),(823,1449),(824,1469),(825,1489),(826,1509),(827,1529),(828,1549),(829,1569),(830,1589);
INSERT INTO "cliente" (id_cliente,id_persona) VALUES (831,1609),(832,1629),(833,1649),(834,1669),(835,1689),(836,1709),(837,1729),(838,1749),(839,1769),(840,1789);
INSERT INTO "cliente" (id_cliente,id_persona) VALUES (841,1809),(842,1829),(843,1849),(844,1869),(845,1889),(846,1909),(847,1929),(848,1949),(849,1969),(850,1989);
INSERT INTO "cliente" (id_cliente,id_persona) VALUES (851,2009),(852,2029),(853,2049),(854,2069),(855,2089),(856,2109),(857,2129),(858,2149),(859,2169),(860,2189);
INSERT INTO "cliente" (id_cliente,id_persona) VALUES (861,2209),(862,2229),(863,2249),(864,2269),(865,2289),(866,2309),(867,2329),(868,2349),(869,2369),(870,2389);
INSERT INTO "cliente" (id_cliente,id_persona) VALUES (871,2409),(872,2429),(873,2449),(874,2469),(875,2489),(876,2509),(877,2529),(878,2549),(879,2569),(880,2589);
INSERT INTO "cliente" (id_cliente,id_persona) VALUES (881,2609),(882,2629),(883,2649),(884,2669),(885,2689),(886,2709),(887,2729),(888,2749),(889,2769),(890,2789);
INSERT INTO "cliente" (id_cliente,id_persona) VALUES (891,2809),(892,2829),(893,2849),(894,2869),(895,2889),(896,2909),(897,2929),(898,2949),(899,2969),(900,2989);
INSERT INTO "cliente" (id_cliente,id_persona) VALUES (901,1010),(902,1030),(903,1050),(904,1070),(905,1090),(906,1110),(907,1130),(908,1150),(909,1170),(910,1190);
INSERT INTO "cliente" (id_cliente,id_persona) VALUES (911,1210),(912,1230),(913,1250),(914,1270),(915,1290),(916,1310),(917,1330),(918,1350),(919,1370),(920,1390);
INSERT INTO "cliente" (id_cliente,id_persona) VALUES (921,1410),(922,1430),(923,1450),(924,1470),(925,1490),(926,1510),(927,1530),(928,1550),(929,1570),(930,1590);
INSERT INTO "cliente" (id_cliente,id_persona) VALUES (931,1610),(932,1630),(933,1650),(934,1670),(935,1690),(936,1710),(937,1730),(938,1750),(939,1770),(940,1790);
INSERT INTO "cliente" (id_cliente,id_persona) VALUES (941,1810),(942,1830),(943,1850),(944,1870),(945,1890),(946,1910),(947,1930),(948,1950),(949,1970),(950,1990);
INSERT INTO "cliente" (id_cliente,id_persona) VALUES (951,2010),(952,2030),(953,2050),(954,2070),(955,2090),(956,2110),(957,2130),(958,2150),(959,2170),(960,2190);
INSERT INTO "cliente" (id_cliente,id_persona) VALUES (961,2210),(962,2230),(963,2250),(964,2270),(965,2290),(966,2310),(967,2330),(968,2350),(969,2370),(970,2390);
INSERT INTO "cliente" (id_cliente,id_persona) VALUES (971,2410),(972,2430),(973,2450),(974,2470),(975,2490),(976,2510),(977,2530),(978,2550),(979,2570),(980,2590);
INSERT INTO "cliente" (id_cliente,id_persona) VALUES (981,2610),(982,2630),(983,2650),(984,2670),(985,2690),(986,2710),(987,2730),(988,2750),(989,2770),(990,2790);
INSERT INTO "cliente" (id_cliente,id_persona) VALUES (991,2810),(992,2830),(993,2850),(994,2870),(995,2890),(996,2910),(997,2930),(998,2950),(999,2970),(1000,2990);
INSERT INTO "cliente" (id_cliente,id_persona) VALUES (1001,1011),(1002,1031),(1003,1051),(1004,1071),(1005,1091),(1006,1111),(1007,1131),(1008,1151),(1009,1171),(1010,1191);
INSERT INTO "cliente" (id_cliente,id_persona) VALUES (1011,1211),(1012,1231),(1013,1251),(1014,1271),(1015,1291),(1016,1311),(1017,1331),(1018,1351),(1019,1371),(1020,1391);
INSERT INTO "cliente" (id_cliente,id_persona) VALUES (1021,1411),(1022,1431),(1023,1451),(1024,1471),(1025,1491),(1026,1511),(1027,1531),(1028,1551),(1029,1571),(1030,1591);
INSERT INTO "cliente" (id_cliente,id_persona) VALUES (1031,1611),(1032,1631),(1033,1651),(1034,1671),(1035,1691),(1036,1711),(1037,1731),(1038,1751),(1039,1771),(1040,1791);
INSERT INTO "cliente" (id_cliente,id_persona) VALUES (1041,1811),(1042,1831),(1043,1851),(1044,1871),(1045,1891),(1046,1911),(1047,1931),(1048,1951),(1049,1971),(1050,1991);
INSERT INTO "cliente" (id_cliente,id_persona) VALUES (1051,2011),(1052,2031),(1053,2051),(1054,2071),(1055,2091),(1056,2111),(1057,2131),(1058,2151),(1059,2171),(1060,2191);
INSERT INTO "cliente" (id_cliente,id_persona) VALUES (1061,2211),(1062,2231),(1063,2251),(1064,2271),(1065,2291),(1066,2311),(1067,2331),(1068,2351),(1069,2371),(1070,2391);
INSERT INTO "cliente" (id_cliente,id_persona) VALUES (1071,2411),(1072,2431),(1073,2451),(1074,2471),(1075,2491),(1076,2511),(1077,2531),(1078,2551),(1079,2571),(1080,2591);
INSERT INTO "cliente" (id_cliente,id_persona) VALUES (1081,2611),(1082,2631),(1083,2651),(1084,2671),(1085,2691),(1086,2711),(1087,2731),(1088,2751),(1089,2771),(1090,2791);
INSERT INTO "cliente" (id_cliente,id_persona) VALUES (1091,2811),(1092,2831),(1093,2851),(1094,2871),(1095,2891),(1096,2911),(1097,2931),(1098,2951),(1099,2971),(1100,2991);
INSERT INTO "cliente" (id_cliente,id_persona) VALUES (1101,1012),(1102,1032),(1103,1052),(1104,1072),(1105,1092),(1106,1112),(1107,1132),(1108,1152),(1109,1172),(1110,1192);
INSERT INTO "cliente" (id_cliente,id_persona) VALUES (1111,1212),(1112,1232),(1113,1252),(1114,1272),(1115,1292),(1116,1312),(1117,1332),(1118,1352),(1119,1372),(1120,1392);
INSERT INTO "cliente" (id_cliente,id_persona) VALUES (1121,1412),(1122,1432),(1123,1452),(1124,1472),(1125,1492),(1126,1512),(1127,1532),(1128,1552),(1129,1572),(1130,1592);
INSERT INTO "cliente" (id_cliente,id_persona) VALUES (1131,1612),(1132,1632),(1133,1652),(1134,1672),(1135,1692),(1136,1712),(1137,1732),(1138,1752),(1139,1772),(1140,1792);
INSERT INTO "cliente" (id_cliente,id_persona) VALUES (1141,1812),(1142,1832),(1143,1852),(1144,1872),(1145,1892),(1146,1912),(1147,1932),(1148,1952),(1149,1972),(1150,1992);
INSERT INTO "cliente" (id_cliente,id_persona) VALUES (1151,2012),(1152,2032),(1153,2052),(1154,2072),(1155,2092),(1156,2112),(1157,2132),(1158,2152),(1159,2172),(1160,2192);
INSERT INTO "cliente" (id_cliente,id_persona) VALUES (1161,2212),(1162,2232),(1163,2252),(1164,2272),(1165,2292),(1166,2312),(1167,2332),(1168,2352),(1169,2372),(1170,2392);
INSERT INTO "cliente" (id_cliente,id_persona) VALUES (1171,2412),(1172,2432),(1173,2452),(1174,2472),(1175,2492),(1176,2512),(1177,2532),(1178,2552),(1179,2572),(1180,2592);
INSERT INTO "cliente" (id_cliente,id_persona) VALUES (1181,2612),(1182,2632),(1183,2652),(1184,2672),(1185,2692),(1186,2712),(1187,2732),(1188,2752),(1189,2772),(1190,2792);
INSERT INTO "cliente" (id_cliente,id_persona) VALUES (1191,2812),(1192,2832),(1193,2852),(1194,2872),(1195,2892),(1196,2912),(1197,2932),(1198,2952),(1199,2972),(1200,2992);
INSERT INTO "cliente" (id_cliente,id_persona) VALUES (1201,1013),(1202,1033),(1203,1053),(1204,1073),(1205,1093),(1206,1113),(1207,1133),(1208,1153),(1209,1173),(1210,1193);
INSERT INTO "cliente" (id_cliente,id_persona) VALUES (1211,1213),(1212,1233),(1213,1253),(1214,1273),(1215,1293),(1216,1313),(1217,1333),(1218,1353),(1219,1373),(1220,1393);
INSERT INTO "cliente" (id_cliente,id_persona) VALUES (1221,1413),(1222,1433),(1223,1453),(1224,1473),(1225,1493),(1226,1513),(1227,1533),(1228,1553),(1229,1573),(1230,1593);
INSERT INTO "cliente" (id_cliente,id_persona) VALUES (1231,1613),(1232,1633),(1233,1653),(1234,1673),(1235,1693),(1236,1713),(1237,1733),(1238,1753),(1239,1773),(1240,1793);
INSERT INTO "cliente" (id_cliente,id_persona) VALUES (1241,1813),(1242,1833),(1243,1853),(1244,1873),(1245,1893),(1246,1913),(1247,1933),(1248,1953),(1249,1973),(1250,1993);
INSERT INTO "cliente" (id_cliente,id_persona) VALUES (1251,2013),(1252,2033),(1253,2053),(1254,2073),(1255,2093),(1256,2113),(1257,2133),(1258,2153),(1259,2173),(1260,2193);
INSERT INTO "cliente" (id_cliente,id_persona) VALUES (1261,2213),(1262,2233),(1263,2253),(1264,2273),(1265,2293),(1266,2313),(1267,2333),(1268,2353),(1269,2373),(1270,2393);
INSERT INTO "cliente" (id_cliente,id_persona) VALUES (1271,2413),(1272,2433),(1273,2453),(1274,2473),(1275,2493),(1276,2513),(1277,2533),(1278,2553),(1279,2573),(1280,2593);
INSERT INTO "cliente" (id_cliente,id_persona) VALUES (1281,2613),(1282,2633),(1283,2653),(1284,2673),(1285,2693),(1286,2713),(1287,2733),(1288,2753),(1289,2773),(1290,2793);
INSERT INTO "cliente" (id_cliente,id_persona) VALUES (1291,2813),(1292,2833),(1293,2853),(1294,2873),(1295,2893),(1296,2913),(1297,2933),(1298,2953),(1299,2973),(1300,2993);
INSERT INTO "cliente" (id_cliente,id_persona) VALUES (1301,1014),(1302,1034),(1303,1054),(1304,1074),(1305,1094),(1306,1114),(1307,1134),(1308,1154),(1309,1174),(1310,1194);
INSERT INTO "cliente" (id_cliente,id_persona) VALUES (1311,1214),(1312,1234),(1313,1254),(1314,1274),(1315,1294),(1316,1314),(1317,1334),(1318,1354),(1319,1374),(1320,1394);
INSERT INTO "cliente" (id_cliente,id_persona) VALUES (1321,1414),(1322,1434),(1323,1454),(1324,1474),(1325,1494),(1326,1514),(1327,1534),(1328,1554),(1329,1574),(1330,1594);
INSERT INTO "cliente" (id_cliente,id_persona) VALUES (1331,1614),(1332,1634),(1333,1654),(1334,1674),(1335,1694),(1336,1714),(1337,1734),(1338,1754),(1339,1774),(1340,1794);
INSERT INTO "cliente" (id_cliente,id_persona) VALUES (1341,1814),(1342,1834),(1343,1854),(1344,1874),(1345,1894),(1346,1914),(1347,1934),(1348,1954),(1349,1974),(1350,1994);
INSERT INTO "cliente" (id_cliente,id_persona) VALUES (1351,2014),(1352,2034),(1353,2054),(1354,2074),(1355,2094),(1356,2114),(1357,2134),(1358,2154),(1359,2174),(1360,2194);
INSERT INTO "cliente" (id_cliente,id_persona) VALUES (1361,2214),(1362,2234),(1363,2254),(1364,2274),(1365,2294),(1366,2314),(1367,2334),(1368,2354),(1369,2374),(1370,2394);
INSERT INTO "cliente" (id_cliente,id_persona) VALUES (1371,2414),(1372,2434),(1373,2454),(1374,2474),(1375,2494),(1376,2514),(1377,2534),(1378,2554),(1379,2574),(1380,2594);
INSERT INTO "cliente" (id_cliente,id_persona) VALUES (1381,2614),(1382,2634),(1383,2654),(1384,2674),(1385,2694),(1386,2714),(1387,2734),(1388,2754),(1389,2774),(1390,2794);
INSERT INTO "cliente" (id_cliente,id_persona) VALUES (1391,2814),(1392,2834),(1393,2854),(1394,2874),(1395,2894),(1396,2914),(1397,2934),(1398,2954),(1399,2974),(1400,2994);
INSERT INTO "cliente" (id_cliente,id_persona) VALUES (1401,1015),(1402,1035),(1403,1055),(1404,1075),(1405,1095),(1406,1115),(1407,1135),(1408,1155),(1409,1175),(1410,1195);
INSERT INTO "cliente" (id_cliente,id_persona) VALUES (1411,1215),(1412,1235),(1413,1255),(1414,1275),(1415,1295),(1416,1315),(1417,1335),(1418,1355),(1419,1375),(1420,1395);
INSERT INTO "cliente" (id_cliente,id_persona) VALUES (1421,1415),(1422,1435),(1423,1455),(1424,1475),(1425,1495),(1426,1515),(1427,1535),(1428,1555),(1429,1575),(1430,1595);
INSERT INTO "cliente" (id_cliente,id_persona) VALUES (1431,1615),(1432,1635),(1433,1655),(1434,1675),(1435,1695),(1436,1715),(1437,1735),(1438,1755),(1439,1775),(1440,1795);
INSERT INTO "cliente" (id_cliente,id_persona) VALUES (1441,1815),(1442,1835),(1443,1855),(1444,1875),(1445,1895),(1446,1915),(1447,1935),(1448,1955),(1449,1975),(1450,1995);
INSERT INTO "cliente" (id_cliente,id_persona) VALUES (1451,2015),(1452,2035),(1453,2055),(1454,2075),(1455,2095),(1456,2115),(1457,2135),(1458,2155),(1459,2175),(1460,2195);
INSERT INTO "cliente" (id_cliente,id_persona) VALUES (1461,2215),(1462,2235),(1463,2255),(1464,2275),(1465,2295),(1466,2315),(1467,2335),(1468,2355),(1469,2375),(1470,2395);
INSERT INTO "cliente" (id_cliente,id_persona) VALUES (1471,2415),(1472,2435),(1473,2455),(1474,2475),(1475,2495),(1476,2515),(1477,2535),(1478,2555),(1479,2575),(1480,2595);
INSERT INTO "cliente" (id_cliente,id_persona) VALUES (1481,2615),(1482,2635),(1483,2655),(1484,2675),(1485,2695),(1486,2715),(1487,2735),(1488,2755),(1489,2775),(1490,2795);
INSERT INTO "cliente" (id_cliente,id_persona) VALUES (1491,2815),(1492,2835),(1493,2855),(1494,2875),(1495,2895),(1496,2915),(1497,2935),(1498,2955),(1499,2975),(1500,2995);
INSERT INTO "cliente" (id_cliente,id_persona) VALUES (1501,1016),(1502,1036),(1503,1056),(1504,1076),(1505,1096),(1506,1116),(1507,1136),(1508,1156),(1509,1176),(1510,1196);
INSERT INTO "cliente" (id_cliente,id_persona) VALUES (1511,1216),(1512,1236),(1513,1256),(1514,1276),(1515,1296),(1516,1316),(1517,1336),(1518,1356),(1519,1376),(1520,1396);
INSERT INTO "cliente" (id_cliente,id_persona) VALUES (1521,1416),(1522,1436),(1523,1456),(1524,1476),(1525,1496),(1526,1516),(1527,1536),(1528,1556),(1529,1576),(1530,1596);
INSERT INTO "cliente" (id_cliente,id_persona) VALUES (1531,1616),(1532,1636),(1533,1656),(1534,1676),(1535,1696),(1536,1716),(1537,1736),(1538,1756),(1539,1776),(1540,1796);
INSERT INTO "cliente" (id_cliente,id_persona) VALUES (1541,1816),(1542,1836),(1543,1856),(1544,1876),(1545,1896),(1546,1916),(1547,1936),(1548,1956),(1549,1976),(1550,1996);
INSERT INTO "cliente" (id_cliente,id_persona) VALUES (1551,2016),(1552,2036),(1553,2056),(1554,2076),(1555,2096),(1556,2116),(1557,2136),(1558,2156),(1559,2176),(1560,2196);
INSERT INTO "cliente" (id_cliente,id_persona) VALUES (1561,2216),(1562,2236),(1563,2256),(1564,2276),(1565,2296),(1566,2316),(1567,2336),(1568,2356),(1569,2376),(1570,2396);
INSERT INTO "cliente" (id_cliente,id_persona) VALUES (1571,2416),(1572,2436),(1573,2456),(1574,2476),(1575,2496),(1576,2516),(1577,2536),(1578,2556),(1579,2576),(1580,2596);
INSERT INTO "cliente" (id_cliente,id_persona) VALUES (1581,2616),(1582,2636),(1583,2656),(1584,2676),(1585,2696),(1586,2716),(1587,2736),(1588,2756),(1589,2776),(1590,2796);
INSERT INTO "cliente" (id_cliente,id_persona) VALUES (1591,2816),(1592,2836),(1593,2856),(1594,2876),(1595,2896),(1596,2916),(1597,2936),(1598,2956),(1599,2976),(1600,2996);
INSERT INTO "cliente" (id_cliente,id_persona) VALUES (1601,1017),(1602,1037),(1603,1057),(1604,1077),(1605,1097),(1606,1117),(1607,1137),(1608,1157),(1609,1177),(1610,1197);
INSERT INTO "cliente" (id_cliente,id_persona) VALUES (1611,1217),(1612,1237),(1613,1257),(1614,1277),(1615,1297),(1616,1317),(1617,1337),(1618,1357),(1619,1377),(1620,1397);
INSERT INTO "cliente" (id_cliente,id_persona) VALUES (1621,1417),(1622,1437),(1623,1457),(1624,1477),(1625,1497),(1626,1517),(1627,1537),(1628,1557),(1629,1577),(1630,1597);
INSERT INTO "cliente" (id_cliente,id_persona) VALUES (1631,1617),(1632,1637),(1633,1657),(1634,1677),(1635,1697),(1636,1717),(1637,1737),(1638,1757),(1639,1777),(1640,1797);
INSERT INTO "cliente" (id_cliente,id_persona) VALUES (1641,1817),(1642,1837),(1643,1857),(1644,1877),(1645,1897),(1646,1917),(1647,1937),(1648,1957),(1649,1977),(1650,1997);
INSERT INTO "cliente" (id_cliente,id_persona) VALUES (1651,2017),(1652,2037),(1653,2057),(1654,2077),(1655,2097),(1656,2117),(1657,2137),(1658,2157),(1659,2177),(1660,2197);
INSERT INTO "cliente" (id_cliente,id_persona) VALUES (1661,2217),(1662,2237),(1663,2257),(1664,2277),(1665,2297),(1666,2317),(1667,2337),(1668,2357),(1669,2377),(1670,2397);
INSERT INTO "cliente" (id_cliente,id_persona) VALUES (1671,2417),(1672,2437),(1673,2457),(1674,2477),(1675,2497),(1676,2517),(1677,2537),(1678,2557),(1679,2577),(1680,2597);
INSERT INTO "cliente" (id_cliente,id_persona) VALUES (1681,2617),(1682,2637),(1683,2657),(1684,2677),(1685,2697),(1686,2717),(1687,2737),(1688,2757),(1689,2777),(1690,2797);
INSERT INTO "cliente" (id_cliente,id_persona) VALUES (1691,2817),(1692,2837),(1693,2857),(1694,2877),(1695,2897),(1696,2917),(1697,2937),(1698,2957),(1699,2977),(1700,2997);
INSERT INTO "cliente" (id_cliente,id_persona) VALUES (1701,1018),(1702,1038),(1703,1058),(1704,1078),(1705,1098),(1706,1118),(1707,1138),(1708,1158),(1709,1178),(1710,1198);
INSERT INTO "cliente" (id_cliente,id_persona) VALUES (1711,1218),(1712,1238),(1713,1258),(1714,1278),(1715,1298),(1716,1318),(1717,1338),(1718,1358),(1719,1378),(1720,1398);
INSERT INTO "cliente" (id_cliente,id_persona) VALUES (1721,1418),(1722,1438),(1723,1458),(1724,1478),(1725,1498),(1726,1518),(1727,1538),(1728,1558),(1729,1578),(1730,1598);
INSERT INTO "cliente" (id_cliente,id_persona) VALUES (1731,1618),(1732,1638),(1733,1658),(1734,1678),(1735,1698),(1736,1718),(1737,1738),(1738,1758),(1739,1778),(1740,1798);
INSERT INTO "cliente" (id_cliente,id_persona) VALUES (1741,1818),(1742,1838),(1743,1858),(1744,1878),(1745,1898),(1746,1918),(1747,1938),(1748,1958),(1749,1978),(1750,1998);
INSERT INTO "cliente" (id_cliente,id_persona) VALUES (1751,2018),(1752,2038),(1753,2058),(1754,2078),(1755,2098),(1756,2118),(1757,2138),(1758,2158),(1759,2178),(1760,2198);
INSERT INTO "cliente" (id_cliente,id_persona) VALUES (1761,2218),(1762,2238),(1763,2258),(1764,2278),(1765,2298),(1766,2318),(1767,2338),(1768,2358),(1769,2378),(1770,2398);
INSERT INTO "cliente" (id_cliente,id_persona) VALUES (1771,2418),(1772,2438),(1773,2458),(1774,2478),(1775,2498),(1776,2518),(1777,2538),(1778,2558),(1779,2578),(1780,2598);
INSERT INTO "cliente" (id_cliente,id_persona) VALUES (1781,2618),(1782,2638),(1783,2658),(1784,2678),(1785,2698),(1786,2718),(1787,2738),(1788,2758),(1789,2778),(1790,2798);
INSERT INTO "cliente" (id_cliente,id_persona) VALUES (1791,2818),(1792,2838),(1793,2858),(1794,2878),(1795,2898),(1796,2918),(1797,2938),(1798,2958),(1799,2978),(1800,2998);
INSERT INTO "cliente" (id_cliente,id_persona) VALUES (1801,1019),(1802,1039),(1803,1059),(1804,1079),(1805,1099),(1806,1119),(1807,1139),(1808,1159),(1809,1179),(1810,1199);
INSERT INTO "cliente" (id_cliente,id_persona) VALUES (1811,1219),(1812,1239),(1813,1259),(1814,1279),(1815,1299),(1816,1319),(1817,1339),(1818,1359),(1819,1379),(1820,1399);
INSERT INTO "cliente" (id_cliente,id_persona) VALUES (1821,1419),(1822,1439),(1823,1459),(1824,1479),(1825,1499),(1826,1519),(1827,1539),(1828,1559),(1829,1579),(1830,1599);
INSERT INTO "cliente" (id_cliente,id_persona) VALUES (1831,1619),(1832,1639),(1833,1659),(1834,1679),(1835,1699),(1836,1719),(1837,1739),(1838,1759),(1839,1779),(1840,1799);
INSERT INTO "cliente" (id_cliente,id_persona) VALUES (1841,1819),(1842,1839),(1843,1859),(1844,1879),(1845,1899),(1846,1919),(1847,1939),(1848,1959),(1849,1979),(1850,1999);
INSERT INTO "cliente" (id_cliente,id_persona) VALUES (1851,2019),(1852,2039),(1853,2059),(1854,2079),(1855,2099),(1856,2119),(1857,2139),(1858,2159),(1859,2179),(1860,2199);
INSERT INTO "cliente" (id_cliente,id_persona) VALUES (1861,2219),(1862,2239),(1863,2259),(1864,2279),(1865,2299),(1866,2319),(1867,2339),(1868,2359),(1869,2379),(1870,2399);
INSERT INTO "cliente" (id_cliente,id_persona) VALUES (1871,2419),(1872,2439),(1873,2459),(1874,2479),(1875,2499),(1876,2519),(1877,2539),(1878,2559),(1879,2579),(1880,2599);
INSERT INTO "cliente" (id_cliente,id_persona) VALUES (1881,2619),(1882,2639),(1883,2659),(1884,2679),(1885,2699),(1886,2719),(1887,2739),(1888,2759),(1889,2779),(1890,2799);
INSERT INTO "cliente" (id_cliente,id_persona) VALUES (1891,2819),(1892,2839),(1893,2859),(1894,2879),(1895,2899),(1896,2919),(1897,2939),(1898,2959),(1899,2979),(1900,2999);
INSERT INTO "cliente" (id_cliente,id_persona) VALUES (1901,1020),(1902,1040),(1903,1060),(1904,1080),(1905,1100),(1906,1120),(1907,1140),(1908,1160),(1909,1180),(1910,1200);
INSERT INTO "cliente" (id_cliente,id_persona) VALUES (1911,1220),(1912,1240),(1913,1260),(1914,1280),(1915,1300),(1916,1320),(1917,1340),(1918,1360),(1919,1380),(1920,1400);
INSERT INTO "cliente" (id_cliente,id_persona) VALUES (1921,1420),(1922,1440),(1923,1460),(1924,1480),(1925,1500),(1926,1520),(1927,1540),(1928,1560),(1929,1580),(1930,1600);
INSERT INTO "cliente" (id_cliente,id_persona) VALUES (1931,1620),(1932,1640),(1933,1660),(1934,1680),(1935,1700),(1936,1720),(1937,1740),(1938,1760),(1939,1780),(1940,1800);
INSERT INTO "cliente" (id_cliente,id_persona) VALUES (1941,1820),(1942,1840),(1943,1860),(1944,1880),(1945,1900),(1946,1920),(1947,1940),(1948,1960),(1949,1980),(1950,2000);
INSERT INTO "cliente" (id_cliente,id_persona) VALUES (1951,2020),(1952,2040),(1953,2060),(1954,2080),(1955,2100),(1956,2120),(1957,2140),(1958,2160),(1959,2180),(1960,2200);
INSERT INTO "cliente" (id_cliente,id_persona) VALUES (1961,2220),(1962,2240),(1963,2260),(1964,2280),(1965,2300),(1966,2320),(1967,2340),(1968,2360),(1969,2380),(1970,2400);
INSERT INTO "cliente" (id_cliente,id_persona) VALUES (1971,2420),(1972,2440),(1973,2460),(1974,2480),(1975,2500),(1976,2520),(1977,2540),(1978,2560),(1979,2580),(1980,2600);
INSERT INTO "cliente" (id_cliente,id_persona) VALUES (1981,2620),(1982,2640),(1983,2660),(1984,2680),(1985,2700),(1986,2720),(1987,2740),(1988,2760),(1989,2780),(1990,2800);
INSERT INTO "cliente" (id_cliente,id_persona) VALUES (1991,2820),(1992,2840),(1993,2860),(1994,2880),(1995,2900),(1996,2920),(1997,2940),(1998,2960),(1999,2980),(2000,3000);
INSERT INTO "cliente" (id_cliente,id_persona) VALUES (2001,3001),(2002,3002),(2003,3003),(2004,3004),(2005,3005),(2006,3006),(2007,3007),(2008,3008),(2009,3009),(2010,3010);
INSERT INTO "cliente" (id_cliente,id_persona) VALUES (2011,3011),(2012,3012),(2013,3013),(2014,3014),(2015,3015),(2016,3016),(2017,3017),(2018,3018),(2019,3019),(2020,3020);
INSERT INTO "cliente" (id_cliente,id_persona) VALUES (2021,3021),(2022,3022),(2023,3023),(2024,3024),(2025,3025),(2026,3026),(2027,3027),(2028,3028),(2029,3029),(2030,3030);
INSERT INTO "cliente" (id_cliente,id_persona) VALUES (2031,3031),(2032,3032),(2033,3033),(2034,3034),(2035,3035),(2036,3036),(2037,3037),(2038,3038),(2039,3039),(2040,3040);
INSERT INTO "cliente" (id_cliente,id_persona) VALUES (2041,3041),(2042,3042),(2043,3043),(2044,3044),(2045,3045),(2046,3046),(2047,3047),(2048,3048),(2049,3049),(2050,3050);
INSERT INTO "cliente" (id_cliente,id_persona) VALUES (2051,3051),(2052,3052),(2053,3053),(2054,3054),(2055,3055),(2056,3056),(2057,3057),(2058,3058),(2059,3059),(2060,3060);
INSERT INTO "cliente" (id_cliente,id_persona) VALUES (2061,3061),(2062,3062),(2063,3063),(2064,3064),(2065,3065),(2066,3066),(2067,3067),(2068,3068),(2069,3069),(2070,3070);
INSERT INTO "cliente" (id_cliente,id_persona) VALUES (2071,3071),(2072,3072),(2073,3073),(2074,3074),(2075,3075),(2076,3076),(2077,3077),(2078,3078),(2079,3079),(2080,3080);
INSERT INTO "cliente" (id_cliente,id_persona) VALUES (2081,3081),(2082,3082),(2083,3083),(2084,3084),(2085,3085),(2086,3086),(2087,3087),(2088,3088),(2089,3089),(2090,3090);
INSERT INTO "cliente" (id_cliente,id_persona) VALUES (2091,3091),(2092,3092),(2093,3093),(2094,3094),(2095,3095),(2096,3096),(2097,3097),(2098,3098),(2099,3099),(2100,3100);
INSERT INTO "cliente" (id_cliente,id_persona) VALUES (2101,3101),(2102,3102),(2103,3103),(2104,3104),(2105,3105),(2106,3106),(2107,3107),(2108,3108),(2109,3109),(2110,3110);
INSERT INTO "cliente" (id_cliente,id_persona) VALUES (2111,3111),(2112,3112),(2113,3113),(2114,3114),(2115,3115),(2116,3116),(2117,3117),(2118,3118),(2119,3119),(2120,3120);
INSERT INTO "cliente" (id_cliente,id_persona) VALUES (2121,3121),(2122,3122),(2123,3123),(2124,3124),(2125,3125),(2126,3126),(2127,3127),(2128,3128),(2129,3129),(2130,3130);
INSERT INTO "cliente" (id_cliente,id_persona) VALUES (2131,3131),(2132,3132),(2133,3133),(2134,3134),(2135,3135),(2136,3136),(2137,3137),(2138,3138),(2139,3139),(2140,3140);
INSERT INTO "cliente" (id_cliente,id_persona) VALUES (2141,3141),(2142,3142),(2143,3143),(2144,3144),(2145,3145),(2146,3146),(2147,3147),(2148,3148),(2149,3149),(2150,3150);
INSERT INTO "cliente" (id_cliente,id_persona) VALUES (2151,3151),(2152,3152),(2153,3153),(2154,3154),(2155,3155),(2156,3156),(2157,3157),(2158,3158),(2159,3159),(2160,3160);
INSERT INTO "cliente" (id_cliente,id_persona) VALUES (2161,3161),(2162,3162),(2163,3163),(2164,3164),(2165,3165),(2166,3166),(2167,3167),(2168,3168),(2169,3169),(2170,3170);
INSERT INTO "cliente" (id_cliente,id_persona) VALUES (2171,3171),(2172,3172),(2173,3173),(2174,3174),(2175,3175),(2176,3176),(2177,3177),(2178,3178),(2179,3179),(2180,3180);
INSERT INTO "cliente" (id_cliente,id_persona) VALUES (2181,3181),(2182,3182),(2183,3183),(2184,3184),(2185,3185),(2186,3186),(2187,3187),(2188,3188),(2189,3189),(2190,3190);
INSERT INTO "cliente" (id_cliente,id_persona) VALUES (2191,3191),(2192,3192),(2193,3193),(2194,3194),(2195,3195),(2196,3196),(2197,3197),(2198,3198),(2199,3199),(2200,3200);
INSERT INTO "cliente" (id_cliente,id_persona) VALUES (2201,3201),(2202,3202),(2203,3203),(2204,3204),(2205,3205),(2206,3206),(2207,3207),(2208,3208),(2209,3209),(2210,3210);
INSERT INTO "cliente" (id_cliente,id_persona) VALUES (2211,3211),(2212,3212),(2213,3213),(2214,3214),(2215,3215),(2216,3216),(2217,3217),(2218,3218),(2219,3219),(2220,3220);
INSERT INTO "cliente" (id_cliente,id_persona) VALUES (2221,3221),(2222,3222),(2223,3223),(2224,3224),(2225,3225),(2226,3226),(2227,3227),(2228,3228),(2229,3229),(2230,3230);
INSERT INTO "cliente" (id_cliente,id_persona) VALUES (2231,3231),(2232,3232),(2233,3233),(2234,3234),(2235,3235),(2236,3236),(2237,3237),(2238,3238),(2239,3239),(2240,3240);
INSERT INTO "cliente" (id_cliente,id_persona) VALUES (2241,3241),(2242,3242),(2243,3243),(2244,3244),(2245,3245),(2246,3246),(2247,3247),(2248,3248),(2249,3249),(2250,3250);
INSERT INTO "cliente" (id_cliente,id_persona) VALUES (2251,3251),(2252,3252),(2253,3253),(2254,3254),(2255,3255),(2256,3256),(2257,3257),(2258,3258),(2259,3259),(2260,3260);
INSERT INTO "cliente" (id_cliente,id_persona) VALUES (2261,3261),(2262,3262),(2263,3263),(2264,3264),(2265,3265),(2266,3266),(2267,3267),(2268,3268),(2269,3269),(2270,3270);
INSERT INTO "cliente" (id_cliente,id_persona) VALUES (2271,3271),(2272,3272),(2273,3273),(2274,3274),(2275,3275),(2276,3276),(2277,3277),(2278,3278),(2279,3279),(2280,3280);
INSERT INTO "cliente" (id_cliente,id_persona) VALUES (2281,3281),(2282,3282),(2283,3283),(2284,3284),(2285,3285),(2286,3286),(2287,3287),(2288,3288),(2289,3289),(2290,3290);
INSERT INTO "cliente" (id_cliente,id_persona) VALUES (2291,3291),(2292,3292),(2293,3293),(2294,3294),(2295,3295),(2296,3296),(2297,3297),(2298,3298),(2299,3299),(2300,3300);
INSERT INTO "cliente" (id_cliente,id_persona) VALUES (2301,3301),(2302,3302),(2303,3303),(2304,3304),(2305,3305),(2306,3306),(2307,3307),(2308,3308),(2309,3309),(2310,3310);
INSERT INTO "cliente" (id_cliente,id_persona) VALUES (2311,3311),(2312,3312),(2313,3313),(2314,3314),(2315,3315),(2316,3316),(2317,3317),(2318,3318),(2319,3319),(2320,3320);
INSERT INTO "cliente" (id_cliente,id_persona) VALUES (2321,3321),(2322,3322),(2323,3323),(2324,3324),(2325,3325),(2326,3326),(2327,3327),(2328,3328),(2329,3329),(2330,3330);
INSERT INTO "cliente" (id_cliente,id_persona) VALUES (2331,3331),(2332,3332),(2333,3333),(2334,3334),(2335,3335),(2336,3336),(2337,3337),(2338,3338),(2339,3339),(2340,3340);
INSERT INTO "cliente" (id_cliente,id_persona) VALUES (2341,3341),(2342,3342),(2343,3343),(2344,3344),(2345,3345),(2346,3346),(2347,3347),(2348,3348),(2349,3349),(2350,3350);
INSERT INTO "cliente" (id_cliente,id_persona) VALUES (2351,3351),(2352,3352),(2353,3353),(2354,3354),(2355,3355),(2356,3356),(2357,3357),(2358,3358),(2359,3359),(2360,3360);
INSERT INTO "cliente" (id_cliente,id_persona) VALUES (2361,3361),(2362,3362),(2363,3363),(2364,3364),(2365,3365),(2366,3366),(2367,3367),(2368,3368),(2369,3369),(2370,3370);
INSERT INTO "cliente" (id_cliente,id_persona) VALUES (2371,3371),(2372,3372),(2373,3373),(2374,3374),(2375,3375),(2376,3376),(2377,3377),(2378,3378),(2379,3379),(2380,3380);
INSERT INTO "cliente" (id_cliente,id_persona) VALUES (2381,3381),(2382,3382),(2383,3383),(2384,3384),(2385,3385),(2386,3386),(2387,3387),(2388,3388),(2389,3389),(2390,3390);
INSERT INTO "cliente" (id_cliente,id_persona) VALUES (2391,3391),(2392,3392),(2393,3393),(2394,3394),(2395,3395),(2396,3396),(2397,3397),(2398,3398),(2399,3399),(2400,3400);
INSERT INTO "cliente" (id_cliente,id_persona) VALUES (2401,3401),(2402,3402),(2403,3403),(2404,3404),(2405,3405),(2406,3406),(2407,3407),(2408,3408),(2409,3409),(2410,3410);
INSERT INTO "cliente" (id_cliente,id_persona) VALUES (2411,3411),(2412,3412),(2413,3413),(2414,3414),(2415,3415),(2416,3416),(2417,3417),(2418,3418),(2419,3419),(2420,3420);
INSERT INTO "cliente" (id_cliente,id_persona) VALUES (2421,3421),(2422,3422),(2423,3423),(2424,3424),(2425,3425),(2426,3426),(2427,3427),(2428,3428),(2429,3429),(2430,3430);
INSERT INTO "cliente" (id_cliente,id_persona) VALUES (2431,3431),(2432,3432),(2433,3433),(2434,3434),(2435,3435),(2436,3436),(2437,3437),(2438,3438),(2439,3439),(2440,3440);
INSERT INTO "cliente" (id_cliente,id_persona) VALUES (2441,3441),(2442,3442),(2443,3443),(2444,3444),(2445,3445),(2446,3446),(2447,3447),(2448,3448),(2449,3449),(2450,3450);
INSERT INTO "cliente" (id_cliente,id_persona) VALUES (2451,3451),(2452,3452),(2453,3453),(2454,3454),(2455,3455),(2456,3456),(2457,3457),(2458,3458),(2459,3459),(2460,3460);
INSERT INTO "cliente" (id_cliente,id_persona) VALUES (2461,3461),(2462,3462),(2463,3463),(2464,3464),(2465,3465),(2466,3466),(2467,3467),(2468,3468),(2469,3469),(2470,3470);
INSERT INTO "cliente" (id_cliente,id_persona) VALUES (2471,3471),(2472,3472),(2473,3473),(2474,3474),(2475,3475),(2476,3476),(2477,3477),(2478,3478),(2479,3479),(2480,3480);
INSERT INTO "cliente" (id_cliente,id_persona) VALUES (2481,3481),(2482,3482),(2483,3483),(2484,3484),(2485,3485),(2486,3486),(2487,3487),(2488,3488),(2489,3489),(2490,3490);
INSERT INTO "cliente" (id_cliente,id_persona) VALUES (2491,3491),(2492,3492),(2493,3493),(2494,3494),(2495,3495),(2496,3496),(2497,3497),(2498,3498),(2499,3499),(2500,3500);
INSERT INTO "cliente" (id_cliente,id_persona) VALUES (2501,3501),(2502,3502),(2503,3503),(2504,3504),(2505,3505),(2506,3506),(2507,3507),(2508,3508),(2509,3509),(2510,3510);
INSERT INTO "cliente" (id_cliente,id_persona) VALUES (2511,3511),(2512,3512),(2513,3513),(2514,3514),(2515,3515),(2516,3516),(2517,3517),(2518,3518),(2519,3519),(2520,3520);
INSERT INTO "cliente" (id_cliente,id_persona) VALUES (2521,3521),(2522,3522),(2523,3523),(2524,3524),(2525,3525),(2526,3526),(2527,3527),(2528,3528),(2529,3529),(2530,3530);
INSERT INTO "cliente" (id_cliente,id_persona) VALUES (2531,3531),(2532,3532),(2533,3533),(2534,3534),(2535,3535),(2536,3536),(2537,3537),(2538,3538),(2539,3539),(2540,3540);
INSERT INTO "cliente" (id_cliente,id_persona) VALUES (2541,3541),(2542,3542),(2543,3543),(2544,3544),(2545,3545),(2546,3546),(2547,3547),(2548,3548),(2549,3549),(2550,3550);
INSERT INTO "cliente" (id_cliente,id_persona) VALUES (2551,3551),(2552,3552),(2553,3553),(2554,3554),(2555,3555),(2556,3556),(2557,3557),(2558,3558),(2559,3559),(2560,3560);
INSERT INTO "cliente" (id_cliente,id_persona) VALUES (2561,3561),(2562,3562),(2563,3563),(2564,3564),(2565,3565),(2566,3566),(2567,3567),(2568,3568),(2569,3569),(2570,3570);
INSERT INTO "cliente" (id_cliente,id_persona) VALUES (2571,3571),(2572,3572),(2573,3573),(2574,3574),(2575,3575),(2576,3576),(2577,3577),(2578,3578),(2579,3579),(2580,3580);
INSERT INTO "cliente" (id_cliente,id_persona) VALUES (2581,3581),(2582,3582),(2583,3583),(2584,3584),(2585,3585),(2586,3586),(2587,3587),(2588,3588),(2589,3589),(2590,3590);
INSERT INTO "cliente" (id_cliente,id_persona) VALUES (2591,3591),(2592,3592),(2593,3593),(2594,3594),(2595,3595),(2596,3596),(2597,3597),(2598,3598),(2599,3599),(2600,3600);
INSERT INTO "cliente" (id_cliente,id_persona) VALUES (2601,3601),(2602,3602),(2603,3603),(2604,3604),(2605,3605),(2606,3606),(2607,3607),(2608,3608),(2609,3609),(2610,3610);
INSERT INTO "cliente" (id_cliente,id_persona) VALUES (2611,3611),(2612,3612),(2613,3613),(2614,3614),(2615,3615),(2616,3616),(2617,3617),(2618,3618),(2619,3619),(2620,3620);
INSERT INTO "cliente" (id_cliente,id_persona) VALUES (2621,3621),(2622,3622),(2623,3623),(2624,3624),(2625,3625),(2626,3626),(2627,3627),(2628,3628),(2629,3629),(2630,3630);
INSERT INTO "cliente" (id_cliente,id_persona) VALUES (2631,3631),(2632,3632),(2633,3633),(2634,3634),(2635,3635),(2636,3636),(2637,3637),(2638,3638),(2639,3639),(2640,3640);
INSERT INTO "cliente" (id_cliente,id_persona) VALUES (2641,3641),(2642,3642),(2643,3643),(2644,3644),(2645,3645),(2646,3646),(2647,3647),(2648,3648),(2649,3649),(2650,3650);
INSERT INTO "cliente" (id_cliente,id_persona) VALUES (2651,3651),(2652,3652),(2653,3653),(2654,3654),(2655,3655),(2656,3656),(2657,3657),(2658,3658),(2659,3659),(2660,3660);
INSERT INTO "cliente" (id_cliente,id_persona) VALUES (2661,3661),(2662,3662),(2663,3663),(2664,3664),(2665,3665),(2666,3666),(2667,3667),(2668,3668),(2669,3669),(2670,3670);
INSERT INTO "cliente" (id_cliente,id_persona) VALUES (2671,3671),(2672,3672),(2673,3673),(2674,3674),(2675,3675),(2676,3676),(2677,3677),(2678,3678),(2679,3679),(2680,3680);
INSERT INTO "cliente" (id_cliente,id_persona) VALUES (2681,3681),(2682,3682),(2683,3683),(2684,3684),(2685,3685),(2686,3686),(2687,3687),(2688,3688),(2689,3689),(2690,3690);
INSERT INTO "cliente" (id_cliente,id_persona) VALUES (2691,3691),(2692,3692),(2693,3693),(2694,3694),(2695,3695),(2696,3696),(2697,3697),(2698,3698),(2699,3699),(2700,3700);
INSERT INTO "cliente" (id_cliente,id_persona) VALUES (2701,3701),(2702,3702),(2703,3703),(2704,3704),(2705,3705),(2706,3706),(2707,3707),(2708,3708),(2709,3709),(2710,3710);
INSERT INTO "cliente" (id_cliente,id_persona) VALUES (2711,3711),(2712,3712),(2713,3713),(2714,3714),(2715,3715),(2716,3716),(2717,3717),(2718,3718),(2719,3719),(2720,3720);
INSERT INTO "cliente" (id_cliente,id_persona) VALUES (2721,3721),(2722,3722),(2723,3723),(2724,3724),(2725,3725),(2726,3726),(2727,3727),(2728,3728),(2729,3729),(2730,3730);
INSERT INTO "cliente" (id_cliente,id_persona) VALUES (2731,3731),(2732,3732),(2733,3733),(2734,3734),(2735,3735),(2736,3736),(2737,3737),(2738,3738),(2739,3739),(2740,3740);
INSERT INTO "cliente" (id_cliente,id_persona) VALUES (2741,3741),(2742,3742),(2743,3743),(2744,3744),(2745,3745),(2746,3746),(2747,3747),(2748,3748),(2749,3749),(2750,3750);
INSERT INTO "cliente" (id_cliente,id_persona) VALUES (2751,3751),(2752,3752),(2753,3753),(2754,3754),(2755,3755),(2756,3756),(2757,3757),(2758,3758),(2759,3759),(2760,3760);
INSERT INTO "cliente" (id_cliente,id_persona) VALUES (2761,3761),(2762,3762),(2763,3763),(2764,3764),(2765,3765),(2766,3766),(2767,3767),(2768,3768),(2769,3769),(2770,3770);
INSERT INTO "cliente" (id_cliente,id_persona) VALUES (2771,3771),(2772,3772),(2773,3773),(2774,3774),(2775,3775),(2776,3776),(2777,3777),(2778,3778),(2779,3779),(2780,3780);
INSERT INTO "cliente" (id_cliente,id_persona) VALUES (2781,3781),(2782,3782),(2783,3783),(2784,3784),(2785,3785),(2786,3786),(2787,3787),(2788,3788),(2789,3789),(2790,3790);
INSERT INTO "cliente" (id_cliente,id_persona) VALUES (2791,3791),(2792,3792),(2793,3793),(2794,3794),(2795,3795),(2796,3796),(2797,3797),(2798,3798),(2799,3799),(2800,3800);
INSERT INTO "cliente" (id_cliente,id_persona) VALUES (2801,3801),(2802,3802),(2803,3803),(2804,3804),(2805,3805),(2806,3806),(2807,3807),(2808,3808),(2809,3809),(2810,3810);
INSERT INTO "cliente" (id_cliente,id_persona) VALUES (2811,3811),(2812,3812),(2813,3813),(2814,3814),(2815,3815),(2816,3816),(2817,3817),(2818,3818),(2819,3819),(2820,3820);
INSERT INTO "cliente" (id_cliente,id_persona) VALUES (2821,3821),(2822,3822),(2823,3823),(2824,3824),(2825,3825),(2826,3826),(2827,3827),(2828,3828),(2829,3829),(2830,3830);
INSERT INTO "cliente" (id_cliente,id_persona) VALUES (2831,3831),(2832,3832),(2833,3833),(2834,3834),(2835,3835),(2836,3836),(2837,3837),(2838,3838),(2839,3839),(2840,3840);
INSERT INTO "cliente" (id_cliente,id_persona) VALUES (2841,3841),(2842,3842),(2843,3843),(2844,3844),(2845,3845),(2846,3846),(2847,3847),(2848,3848),(2849,3849),(2850,3850);
INSERT INTO "cliente" (id_cliente,id_persona) VALUES (2851,3851),(2852,3852),(2853,3853),(2854,3854),(2855,3855),(2856,3856),(2857,3857),(2858,3858),(2859,3859),(2860,3860);
INSERT INTO "cliente" (id_cliente,id_persona) VALUES (2861,3861),(2862,3862),(2863,3863),(2864,3864),(2865,3865),(2866,3866),(2867,3867),(2868,3868),(2869,3869),(2870,3870);
INSERT INTO "cliente" (id_cliente,id_persona) VALUES (2871,3871),(2872,3872),(2873,3873),(2874,3874),(2875,3875),(2876,3876),(2877,3877),(2878,3878),(2879,3879),(2880,3880);
INSERT INTO "cliente" (id_cliente,id_persona) VALUES (2881,3881),(2882,3882),(2883,3883),(2884,3884),(2885,3885),(2886,3886),(2887,3887),(2888,3888),(2889,3889),(2890,3890);
INSERT INTO "cliente" (id_cliente,id_persona) VALUES (2891,3891),(2892,3892),(2893,3893),(2894,3894),(2895,3895),(2896,3896),(2897,3897),(2898,3898),(2899,3899),(2900,3900);
INSERT INTO "cliente" (id_cliente,id_persona) VALUES (2901,3901),(2902,3902),(2903,3903),(2904,3904),(2905,3905),(2906,3906),(2907,3907),(2908,3908),(2909,3909),(2910,3910);
INSERT INTO "cliente" (id_cliente,id_persona) VALUES (2911,3911),(2912,3912),(2913,3913),(2914,3914),(2915,3915),(2916,3916),(2917,3917),(2918,3918),(2919,3919),(2920,3920);
INSERT INTO "cliente" (id_cliente,id_persona) VALUES (2921,3921),(2922,3922),(2923,3923),(2924,3924),(2925,3925),(2926,3926),(2927,3927),(2928,3928),(2929,3929),(2930,3930);
INSERT INTO "cliente" (id_cliente,id_persona) VALUES (2931,3931),(2932,3932),(2933,3933),(2934,3934),(2935,3935),(2936,3936),(2937,3937),(2938,3938),(2939,3939),(2940,3940);
INSERT INTO "cliente" (id_cliente,id_persona) VALUES (2941,3941),(2942,3942),(2943,3943),(2944,3944),(2945,3945),(2946,3946),(2947,3947),(2948,3948),(2949,3949),(2950,3950);
INSERT INTO "cliente" (id_cliente,id_persona) VALUES (2951,3951),(2952,3952),(2953,3953),(2954,3954),(2955,3955),(2956,3956),(2957,3957),(2958,3958),(2959,3959),(2960,3960);
INSERT INTO "cliente" (id_cliente,id_persona) VALUES (2961,3961),(2962,3962),(2963,3963),(2964,3964),(2965,3965),(2966,3966),(2967,3967),(2968,3968),(2969,3969),(2970,3970);
INSERT INTO "cliente" (id_cliente,id_persona) VALUES (2971,3971),(2972,3972),(2973,3973),(2974,3974),(2975,3975),(2976,3976),(2977,3977),(2978,3978),(2979,3979),(2980,3980);
INSERT INTO "cliente" (id_cliente,id_persona) VALUES (2981,3981),(2982,3982),(2983,3983),(2984,3984),(2985,3985),(2986,3986),(2987,3987),(2988,3988),(2989,3989),(2990,3990);
INSERT INTO "cliente" (id_cliente,id_persona) VALUES (2991,3991),(2992,3992),(2993,3993),(2994,3994),(2995,3995),(2996,3996),(2997,3997),(2998,3998),(2999,3999),(3000,4000);
INSERT INTO "cliente" (id_cliente,id_persona) VALUES (3001,4001),(3002,4002),(3003,4003),(3004,4004),(3005,4005),(3006,4006),(3007,4007),(3008,4008),(3009,4009),(3010,4010);
INSERT INTO "cliente" (id_cliente,id_persona) VALUES (3011,4011),(3012,4012),(3013,4013),(3014,4014),(3015,4015),(3016,4016),(3017,4017),(3018,4018),(3019,4019),(3020,4020);
INSERT INTO "cliente" (id_cliente,id_persona) VALUES (3021,4021),(3022,4022),(3023,4023),(3024,4024),(3025,4025),(3026,4026),(3027,4027),(3028,4028),(3029,4029),(3030,4030);
INSERT INTO "cliente" (id_cliente,id_persona) VALUES (3031,4031),(3032,4032),(3033,4033),(3034,4034),(3035,4035),(3036,4036),(3037,4037),(3038,4038),(3039,4039),(3040,4040);
INSERT INTO "cliente" (id_cliente,id_persona) VALUES (3041,4041),(3042,4042),(3043,4043),(3044,4044),(3045,4045),(3046,4046),(3047,4047),(3048,4048),(3049,4049),(3050,4050);
INSERT INTO "cliente" (id_cliente,id_persona) VALUES (3051,4051),(3052,4052),(3053,4053),(3054,4054),(3055,4055),(3056,4056),(3057,4057),(3058,4058),(3059,4059),(3060,4060);
INSERT INTO "cliente" (id_cliente,id_persona) VALUES (3061,4061),(3062,4062),(3063,4063),(3064,4064),(3065,4065),(3066,4066),(3067,4067),(3068,4068),(3069,4069),(3070,4070);
INSERT INTO "cliente" (id_cliente,id_persona) VALUES (3071,4071),(3072,4072),(3073,4073),(3074,4074),(3075,4075),(3076,4076),(3077,4077),(3078,4078),(3079,4079),(3080,4080);
INSERT INTO "cliente" (id_cliente,id_persona) VALUES (3081,4081),(3082,4082),(3083,4083),(3084,4084),(3085,4085),(3086,4086),(3087,4087),(3088,4088),(3089,4089),(3090,4090);
INSERT INTO "cliente" (id_cliente,id_persona) VALUES (3091,4091),(3092,4092),(3093,4093),(3094,4094),(3095,4095),(3096,4096),(3097,4097),(3098,4098),(3099,4099),(3100,4100);
INSERT INTO "cliente" (id_cliente,id_persona) VALUES (3101,4101),(3102,4102),(3103,4103),(3104,4104),(3105,4105),(3106,4106),(3107,4107),(3108,4108),(3109,4109),(3110,4110);
INSERT INTO "cliente" (id_cliente,id_persona) VALUES (3111,4111),(3112,4112),(3113,4113),(3114,4114),(3115,4115),(3116,4116),(3117,4117),(3118,4118),(3119,4119),(3120,4120);
INSERT INTO "cliente" (id_cliente,id_persona) VALUES (3121,4121),(3122,4122),(3123,4123),(3124,4124),(3125,4125),(3126,4126),(3127,4127),(3128,4128),(3129,4129),(3130,4130);
INSERT INTO "cliente" (id_cliente,id_persona) VALUES (3131,4131),(3132,4132),(3133,4133),(3134,4134),(3135,4135),(3136,4136),(3137,4137),(3138,4138),(3139,4139),(3140,4140);
INSERT INTO "cliente" (id_cliente,id_persona) VALUES (3141,4141),(3142,4142),(3143,4143),(3144,4144),(3145,4145),(3146,4146),(3147,4147),(3148,4148),(3149,4149),(3150,4150);
INSERT INTO "cliente" (id_cliente,id_persona) VALUES (3151,4151),(3152,4152),(3153,4153),(3154,4154),(3155,4155),(3156,4156),(3157,4157),(3158,4158),(3159,4159),(3160,4160);
INSERT INTO "cliente" (id_cliente,id_persona) VALUES (3161,4161),(3162,4162),(3163,4163),(3164,4164),(3165,4165),(3166,4166),(3167,4167),(3168,4168),(3169,4169),(3170,4170);
INSERT INTO "cliente" (id_cliente,id_persona) VALUES (3171,4171),(3172,4172),(3173,4173),(3174,4174),(3175,4175),(3176,4176),(3177,4177),(3178,4178),(3179,4179),(3180,4180);
INSERT INTO "cliente" (id_cliente,id_persona) VALUES (3181,4181),(3182,4182),(3183,4183),(3184,4184),(3185,4185),(3186,4186),(3187,4187),(3188,4188),(3189,4189),(3190,4190);
INSERT INTO "cliente" (id_cliente,id_persona) VALUES (3191,4191),(3192,4192),(3193,4193),(3194,4194),(3195,4195),(3196,4196),(3197,4197),(3198,4198),(3199,4199),(3200,4200);
INSERT INTO "cliente" (id_cliente,id_persona) VALUES (3201,4201),(3202,4202),(3203,4203),(3204,4204),(3205,4205),(3206,4206),(3207,4207),(3208,4208),(3209,4209),(3210,4210);
INSERT INTO "cliente" (id_cliente,id_persona) VALUES (3211,4211),(3212,4212),(3213,4213),(3214,4214),(3215,4215),(3216,4216),(3217,4217),(3218,4218),(3219,4219),(3220,4220);
INSERT INTO "cliente" (id_cliente,id_persona) VALUES (3221,4221),(3222,4222),(3223,4223),(3224,4224),(3225,4225),(3226,4226),(3227,4227),(3228,4228),(3229,4229),(3230,4230);
INSERT INTO "cliente" (id_cliente,id_persona) VALUES (3231,4231),(3232,4232),(3233,4233),(3234,4234),(3235,4235),(3236,4236),(3237,4237),(3238,4238),(3239,4239),(3240,4240);
INSERT INTO "cliente" (id_cliente,id_persona) VALUES (3241,4241),(3242,4242),(3243,4243),(3244,4244),(3245,4245),(3246,4246),(3247,4247),(3248,4248),(3249,4249),(3250,4250);
INSERT INTO "cliente" (id_cliente,id_persona) VALUES (3251,4251),(3252,4252),(3253,4253),(3254,4254),(3255,4255),(3256,4256),(3257,4257),(3258,4258),(3259,4259),(3260,4260);
INSERT INTO "cliente" (id_cliente,id_persona) VALUES (3261,4261),(3262,4262),(3263,4263),(3264,4264),(3265,4265),(3266,4266),(3267,4267),(3268,4268),(3269,4269),(3270,4270);
INSERT INTO "cliente" (id_cliente,id_persona) VALUES (3271,4271),(3272,4272),(3273,4273),(3274,4274),(3275,4275),(3276,4276),(3277,4277),(3278,4278),(3279,4279),(3280,4280);
INSERT INTO "cliente" (id_cliente,id_persona) VALUES (3281,4281),(3282,4282),(3283,4283),(3284,4284),(3285,4285),(3286,4286),(3287,4287),(3288,4288),(3289,4289),(3290,4290);
INSERT INTO "cliente" (id_cliente,id_persona) VALUES (3291,4291),(3292,4292),(3293,4293),(3294,4294),(3295,4295),(3296,4296),(3297,4297),(3298,4298),(3299,4299),(3300,4300);
INSERT INTO "cliente" (id_cliente,id_persona) VALUES (3301,4301),(3302,4302),(3303,4303),(3304,4304),(3305,4305),(3306,4306),(3307,4307),(3308,4308),(3309,4309),(3310,4310);
INSERT INTO "cliente" (id_cliente,id_persona) VALUES (3311,4311),(3312,4312),(3313,4313),(3314,4314),(3315,4315),(3316,4316),(3317,4317),(3318,4318),(3319,4319),(3320,4320);
INSERT INTO "cliente" (id_cliente,id_persona) VALUES (3321,4321),(3322,4322),(3323,4323),(3324,4324),(3325,4325),(3326,4326),(3327,4327),(3328,4328),(3329,4329),(3330,4330);
INSERT INTO "cliente" (id_cliente,id_persona) VALUES (3331,4331),(3332,4332),(3333,4333),(3334,4334),(3335,4335),(3336,4336),(3337,4337),(3338,4338),(3339,4339),(3340,4340);
INSERT INTO "cliente" (id_cliente,id_persona) VALUES (3341,4341),(3342,4342),(3343,4343),(3344,4344),(3345,4345),(3346,4346),(3347,4347),(3348,4348),(3349,4349),(3350,4350);
INSERT INTO "cliente" (id_cliente,id_persona) VALUES (3351,4351),(3352,4352),(3353,4353),(3354,4354),(3355,4355),(3356,4356),(3357,4357),(3358,4358),(3359,4359),(3360,4360);
INSERT INTO "cliente" (id_cliente,id_persona) VALUES (3361,4361),(3362,4362),(3363,4363),(3364,4364),(3365,4365),(3366,4366),(3367,4367),(3368,4368),(3369,4369),(3370,4370);
INSERT INTO "cliente" (id_cliente,id_persona) VALUES (3371,4371),(3372,4372),(3373,4373),(3374,4374),(3375,4375),(3376,4376),(3377,4377),(3378,4378),(3379,4379),(3380,4380);
INSERT INTO "cliente" (id_cliente,id_persona) VALUES (3381,4381),(3382,4382),(3383,4383),(3384,4384),(3385,4385),(3386,4386),(3387,4387),(3388,4388),(3389,4389),(3390,4390);
INSERT INTO "cliente" (id_cliente,id_persona) VALUES (3391,4391),(3392,4392),(3393,4393),(3394,4394),(3395,4395),(3396,4396),(3397,4397),(3398,4398),(3399,4399),(3400,4400);
INSERT INTO "cliente" (id_cliente,id_persona) VALUES (3401,4401),(3402,4402),(3403,4403),(3404,4404),(3405,4405),(3406,4406),(3407,4407),(3408,4408),(3409,4409),(3410,4410);
INSERT INTO "cliente" (id_cliente,id_persona) VALUES (3411,4411),(3412,4412),(3413,4413),(3414,4414),(3415,4415),(3416,4416),(3417,4417),(3418,4418),(3419,4419),(3420,4420);
INSERT INTO "cliente" (id_cliente,id_persona) VALUES (3421,4421),(3422,4422),(3423,4423),(3424,4424),(3425,4425),(3426,4426),(3427,4427),(3428,4428),(3429,4429),(3430,4430);
INSERT INTO "cliente" (id_cliente,id_persona) VALUES (3431,4431),(3432,4432),(3433,4433),(3434,4434),(3435,4435),(3436,4436),(3437,4437),(3438,4438),(3439,4439),(3440,4440);
INSERT INTO "cliente" (id_cliente,id_persona) VALUES (3441,4441),(3442,4442),(3443,4443),(3444,4444),(3445,4445),(3446,4446),(3447,4447),(3448,4448),(3449,4449),(3450,4450);
INSERT INTO "cliente" (id_cliente,id_persona) VALUES (3451,4451),(3452,4452),(3453,4453),(3454,4454),(3455,4455),(3456,4456),(3457,4457),(3458,4458),(3459,4459),(3460,4460);
INSERT INTO "cliente" (id_cliente,id_persona) VALUES (3461,4461),(3462,4462),(3463,4463),(3464,4464),(3465,4465),(3466,4466),(3467,4467),(3468,4468),(3469,4469),(3470,4470);
INSERT INTO "cliente" (id_cliente,id_persona) VALUES (3471,4471),(3472,4472),(3473,4473),(3474,4474),(3475,4475),(3476,4476),(3477,4477),(3478,4478),(3479,4479),(3480,4480);
INSERT INTO "cliente" (id_cliente,id_persona) VALUES (3481,4481),(3482,4482),(3483,4483),(3484,4484),(3485,4485),(3486,4486),(3487,4487),(3488,4488),(3489,4489),(3490,4490);
INSERT INTO "cliente" (id_cliente,id_persona) VALUES (3491,4491),(3492,4492),(3493,4493),(3494,4494),(3495,4495),(3496,4496),(3497,4497),(3498,4498),(3499,4499),(3500,4500);
INSERT INTO "cliente" (id_cliente,id_persona) VALUES (3501,4501),(3502,4502),(3503,4503),(3504,4504),(3505,4505),(3506,4506),(3507,4507),(3508,4508),(3509,4509),(3510,4510);
INSERT INTO "cliente" (id_cliente,id_persona) VALUES (3511,4511),(3512,4512),(3513,4513),(3514,4514),(3515,4515),(3516,4516),(3517,4517),(3518,4518),(3519,4519),(3520,4520);
INSERT INTO "cliente" (id_cliente,id_persona) VALUES (3521,4521),(3522,4522),(3523,4523),(3524,4524),(3525,4525),(3526,4526),(3527,4527),(3528,4528),(3529,4529),(3530,4530);
INSERT INTO "cliente" (id_cliente,id_persona) VALUES (3531,4531),(3532,4532),(3533,4533),(3534,4534),(3535,4535),(3536,4536),(3537,4537),(3538,4538),(3539,4539),(3540,4540);
INSERT INTO "cliente" (id_cliente,id_persona) VALUES (3541,4541),(3542,4542),(3543,4543),(3544,4544),(3545,4545),(3546,4546),(3547,4547),(3548,4548),(3549,4549),(3550,4550);
INSERT INTO "cliente" (id_cliente,id_persona) VALUES (3551,4551),(3552,4552),(3553,4553),(3554,4554),(3555,4555),(3556,4556),(3557,4557),(3558,4558),(3559,4559),(3560,4560);
INSERT INTO "cliente" (id_cliente,id_persona) VALUES (3561,4561),(3562,4562),(3563,4563),(3564,4564),(3565,4565),(3566,4566),(3567,4567),(3568,4568),(3569,4569),(3570,4570);
INSERT INTO "cliente" (id_cliente,id_persona) VALUES (3571,4571),(3572,4572),(3573,4573),(3574,4574),(3575,4575),(3576,4576),(3577,4577),(3578,4578),(3579,4579),(3580,4580);
INSERT INTO "cliente" (id_cliente,id_persona) VALUES (3581,4581),(3582,4582),(3583,4583),(3584,4584),(3585,4585),(3586,4586),(3587,4587),(3588,4588),(3589,4589),(3590,4590);
INSERT INTO "cliente" (id_cliente,id_persona) VALUES (3591,4591),(3592,4592),(3593,4593),(3594,4594),(3595,4595),(3596,4596),(3597,4597),(3598,4598),(3599,4599),(3600,4600);
INSERT INTO "cliente" (id_cliente,id_persona) VALUES (3601,4601),(3602,4602),(3603,4603),(3604,4604),(3605,4605),(3606,4606),(3607,4607),(3608,4608),(3609,4609),(3610,4610);
INSERT INTO "cliente" (id_cliente,id_persona) VALUES (3611,4611),(3612,4612),(3613,4613),(3614,4614),(3615,4615),(3616,4616),(3617,4617),(3618,4618),(3619,4619),(3620,4620);
INSERT INTO "cliente" (id_cliente,id_persona) VALUES (3621,4621),(3622,4622),(3623,4623),(3624,4624),(3625,4625),(3626,4626),(3627,4627),(3628,4628),(3629,4629),(3630,4630);
INSERT INTO "cliente" (id_cliente,id_persona) VALUES (3631,4631),(3632,4632),(3633,4633),(3634,4634),(3635,4635),(3636,4636),(3637,4637),(3638,4638),(3639,4639),(3640,4640);
INSERT INTO "cliente" (id_cliente,id_persona) VALUES (3641,4641),(3642,4642),(3643,4643),(3644,4644),(3645,4645),(3646,4646),(3647,4647),(3648,4648),(3649,4649),(3650,4650);
INSERT INTO "cliente" (id_cliente,id_persona) VALUES (3651,4651),(3652,4652),(3653,4653),(3654,4654),(3655,4655),(3656,4656),(3657,4657),(3658,4658),(3659,4659),(3660,4660);
INSERT INTO "cliente" (id_cliente,id_persona) VALUES (3661,4661),(3662,4662),(3663,4663),(3664,4664),(3665,4665),(3666,4666),(3667,4667),(3668,4668),(3669,4669),(3670,4670);
INSERT INTO "cliente" (id_cliente,id_persona) VALUES (3671,4671),(3672,4672),(3673,4673),(3674,4674),(3675,4675),(3676,4676),(3677,4677),(3678,4678),(3679,4679),(3680,4680);
INSERT INTO "cliente" (id_cliente,id_persona) VALUES (3681,4681),(3682,4682),(3683,4683),(3684,4684),(3685,4685),(3686,4686),(3687,4687),(3688,4688),(3689,4689),(3690,4690);
INSERT INTO "cliente" (id_cliente,id_persona) VALUES (3691,4691),(3692,4692),(3693,4693),(3694,4694),(3695,4695),(3696,4696),(3697,4697),(3698,4698),(3699,4699),(3700,4700);
INSERT INTO "cliente" (id_cliente,id_persona) VALUES (3701,4701),(3702,4702),(3703,4703),(3704,4704),(3705,4705),(3706,4706),(3707,4707),(3708,4708),(3709,4709),(3710,4710);
INSERT INTO "cliente" (id_cliente,id_persona) VALUES (3711,4711),(3712,4712),(3713,4713),(3714,4714),(3715,4715),(3716,4716),(3717,4717),(3718,4718),(3719,4719),(3720,4720);
INSERT INTO "cliente" (id_cliente,id_persona) VALUES (3721,4721),(3722,4722),(3723,4723),(3724,4724),(3725,4725),(3726,4726),(3727,4727),(3728,4728),(3729,4729),(3730,4730);
INSERT INTO "cliente" (id_cliente,id_persona) VALUES (3731,4731),(3732,4732),(3733,4733),(3734,4734),(3735,4735),(3736,4736),(3737,4737),(3738,4738),(3739,4739),(3740,4740);
INSERT INTO "cliente" (id_cliente,id_persona) VALUES (3741,4741),(3742,4742),(3743,4743),(3744,4744),(3745,4745),(3746,4746),(3747,4747),(3748,4748),(3749,4749),(3750,4750);
INSERT INTO "cliente" (id_cliente,id_persona) VALUES (3751,4751),(3752,4752),(3753,4753),(3754,4754),(3755,4755),(3756,4756),(3757,4757),(3758,4758),(3759,4759),(3760,4760);
INSERT INTO "cliente" (id_cliente,id_persona) VALUES (3761,4761),(3762,4762),(3763,4763),(3764,4764),(3765,4765),(3766,4766),(3767,4767),(3768,4768),(3769,4769),(3770,4770);
INSERT INTO "cliente" (id_cliente,id_persona) VALUES (3771,4771),(3772,4772),(3773,4773),(3774,4774),(3775,4775),(3776,4776),(3777,4777),(3778,4778),(3779,4779),(3780,4780);
INSERT INTO "cliente" (id_cliente,id_persona) VALUES (3781,4781),(3782,4782),(3783,4783),(3784,4784),(3785,4785),(3786,4786),(3787,4787),(3788,4788),(3789,4789),(3790,4790);
INSERT INTO "cliente" (id_cliente,id_persona) VALUES (3791,4791),(3792,4792),(3793,4793),(3794,4794),(3795,4795),(3796,4796),(3797,4797),(3798,4798),(3799,4799),(3800,4800);
INSERT INTO "cliente" (id_cliente,id_persona) VALUES (3801,4801),(3802,4802),(3803,4803),(3804,4804),(3805,4805),(3806,4806),(3807,4807),(3808,4808),(3809,4809),(3810,4810);
INSERT INTO "cliente" (id_cliente,id_persona) VALUES (3811,4811),(3812,4812),(3813,4813),(3814,4814),(3815,4815),(3816,4816),(3817,4817),(3818,4818),(3819,4819),(3820,4820);
INSERT INTO "cliente" (id_cliente,id_persona) VALUES (3821,4821),(3822,4822),(3823,4823),(3824,4824),(3825,4825),(3826,4826),(3827,4827),(3828,4828),(3829,4829),(3830,4830);
INSERT INTO "cliente" (id_cliente,id_persona) VALUES (3831,4831),(3832,4832),(3833,4833),(3834,4834),(3835,4835),(3836,4836),(3837,4837),(3838,4838),(3839,4839),(3840,4840);
INSERT INTO "cliente" (id_cliente,id_persona) VALUES (3841,4841),(3842,4842),(3843,4843),(3844,4844),(3845,4845),(3846,4846),(3847,4847),(3848,4848),(3849,4849),(3850,4850);
INSERT INTO "cliente" (id_cliente,id_persona) VALUES (3851,4851),(3852,4852),(3853,4853),(3854,4854),(3855,4855),(3856,4856),(3857,4857),(3858,4858),(3859,4859),(3860,4860);
INSERT INTO "cliente" (id_cliente,id_persona) VALUES (3861,4861),(3862,4862),(3863,4863),(3864,4864),(3865,4865),(3866,4866),(3867,4867),(3868,4868),(3869,4869),(3870,4870);
INSERT INTO "cliente" (id_cliente,id_persona) VALUES (3871,4871),(3872,4872),(3873,4873),(3874,4874),(3875,4875),(3876,4876),(3877,4877),(3878,4878),(3879,4879),(3880,4880);
INSERT INTO "cliente" (id_cliente,id_persona) VALUES (3881,4881),(3882,4882),(3883,4883),(3884,4884),(3885,4885),(3886,4886),(3887,4887),(3888,4888),(3889,4889),(3890,4890);
INSERT INTO "cliente" (id_cliente,id_persona) VALUES (3891,4891),(3892,4892),(3893,4893),(3894,4894),(3895,4895),(3896,4896),(3897,4897),(3898,4898),(3899,4899),(3900,4900);
INSERT INTO "cliente" (id_cliente,id_persona) VALUES (3901,4901),(3902,4902),(3903,4903),(3904,4904),(3905,4905),(3906,4906),(3907,4907),(3908,4908),(3909,4909),(3910,4910);
INSERT INTO "cliente" (id_cliente,id_persona) VALUES (3911,4911),(3912,4912),(3913,4913),(3914,4914),(3915,4915),(3916,4916),(3917,4917),(3918,4918),(3919,4919),(3920,4920);
INSERT INTO "cliente" (id_cliente,id_persona) VALUES (3921,4921),(3922,4922),(3923,4923),(3924,4924),(3925,4925),(3926,4926),(3927,4927),(3928,4928),(3929,4929),(3930,4930);
INSERT INTO "cliente" (id_cliente,id_persona) VALUES (3931,4931),(3932,4932),(3933,4933),(3934,4934),(3935,4935),(3936,4936),(3937,4937),(3938,4938),(3939,4939),(3940,4940);
INSERT INTO "cliente" (id_cliente,id_persona) VALUES (3941,4941),(3942,4942),(3943,4943),(3944,4944),(3945,4945),(3946,4946),(3947,4947),(3948,4948),(3949,4949),(3950,4950);
INSERT INTO "cliente" (id_cliente,id_persona) VALUES (3951,4951),(3952,4952),(3953,4953),(3954,4954),(3955,4955),(3956,4956),(3957,4957),(3958,4958),(3959,4959),(3960,4960);
INSERT INTO "cliente" (id_cliente,id_persona) VALUES (3961,4961),(3962,4962),(3963,4963),(3964,4964),(3965,4965),(3966,4966),(3967,4967),(3968,4968),(3969,4969),(3970,4970);
INSERT INTO "cliente" (id_cliente,id_persona) VALUES (3971,4971),(3972,4972),(3973,4973),(3974,4974),(3975,4975),(3976,4976),(3977,4977),(3978,4978),(3979,4979),(3980,4980);
INSERT INTO "cliente" (id_cliente,id_persona) VALUES (3981,4981),(3982,4982),(3983,4983),(3984,4984),(3985,4985),(3986,4986),(3987,4987),(3988,4988),(3989,4989),(3990,4990);
INSERT INTO "cliente" (id_cliente,id_persona) VALUES (3991,4991),(3992,4992),(3993,4993),(3994,4994),(3995,4995),(3996,4996),(3997,4997),(3998,4998),(3999,4999),(4000,5000);


--Direccion_entrega
INSERT INTO "direccion_entrega" (id_direccion_entrega,id_direccion) VALUES (1,1),(2,21),(3,41),(4,61),(5,81),(6,101),(7,121),(8,141),(9,161),(10,181);
INSERT INTO "direccion_entrega" (id_direccion_entrega,id_direccion) VALUES (11,201),(12,221),(13,241),(14,261),(15,281),(16,301),(17,321),(18,341),(19,361),(20,381);
INSERT INTO "direccion_entrega" (id_direccion_entrega,id_direccion) VALUES (21,401),(22,421),(23,441),(24,461),(25,481),(26,501),(27,521),(28,541),(29,561),(30,581);
INSERT INTO "direccion_entrega" (id_direccion_entrega,id_direccion) VALUES (31,601),(32,621),(33,641),(34,661),(35,681),(36,701),(37,721),(38,741),(39,761),(40,781);
INSERT INTO "direccion_entrega" (id_direccion_entrega,id_direccion) VALUES (41,801),(42,821),(43,841),(44,861),(45,881),(46,901),(47,921),(48,941),(49,961),(50,981);
INSERT INTO "direccion_entrega" (id_direccion_entrega,id_direccion) VALUES (51,1001),(52,1021),(53,1041),(54,1061),(55,1081),(56,1101),(57,1121),(58,1141),(59,1161),(60,1181);
INSERT INTO "direccion_entrega" (id_direccion_entrega,id_direccion) VALUES (61,1201),(62,1221),(63,1241),(64,1261),(65,1281),(66,1301),(67,1321),(68,1341),(69,1361),(70,1381);
INSERT INTO "direccion_entrega" (id_direccion_entrega,id_direccion) VALUES (71,1401),(72,1421),(73,1441),(74,1461),(75,1481),(76,1501),(77,1521),(78,1541),(79,1561),(80,1581);
INSERT INTO "direccion_entrega" (id_direccion_entrega,id_direccion) VALUES (81,1601),(82,1621),(83,1641),(84,1661),(85,1681),(86,1701),(87,1721),(88,1741),(89,1761),(90,1781);
INSERT INTO "direccion_entrega" (id_direccion_entrega,id_direccion) VALUES (91,1801),(92,1821),(93,1841),(94,1861),(95,1881),(96,1901),(97,1921),(98,1941),(99,1961),(100,1981);
INSERT INTO "direccion_entrega" (id_direccion_entrega,id_direccion) VALUES (101,2),(102,22),(103,42),(104,62),(105,82),(106,102),(107,122),(108,142),(109,162),(110,182);
INSERT INTO "direccion_entrega" (id_direccion_entrega,id_direccion) VALUES (111,202),(112,222),(113,242),(114,262),(115,282),(116,302),(117,322),(118,342),(119,362),(120,382);
INSERT INTO "direccion_entrega" (id_direccion_entrega,id_direccion) VALUES (121,402),(122,422),(123,442),(124,462),(125,482),(126,502),(127,522),(128,542),(129,562),(130,582);
INSERT INTO "direccion_entrega" (id_direccion_entrega,id_direccion) VALUES (131,602),(132,622),(133,642),(134,662),(135,682),(136,702),(137,722),(138,742),(139,762),(140,782);
INSERT INTO "direccion_entrega" (id_direccion_entrega,id_direccion) VALUES (141,802),(142,822),(143,842),(144,862),(145,882),(146,902),(147,922),(148,942),(149,962),(150,982);
INSERT INTO "direccion_entrega" (id_direccion_entrega,id_direccion) VALUES (151,1002),(152,1022),(153,1042),(154,1062),(155,1082),(156,1102),(157,1122),(158,1142),(159,1162),(160,1182);
INSERT INTO "direccion_entrega" (id_direccion_entrega,id_direccion) VALUES (161,1202),(162,1222),(163,1242),(164,1262),(165,1282),(166,1302),(167,1322),(168,1342),(169,1362),(170,1382);
INSERT INTO "direccion_entrega" (id_direccion_entrega,id_direccion) VALUES (171,1402),(172,1422),(173,1442),(174,1462),(175,1482),(176,1502),(177,1522),(178,1542),(179,1562),(180,1582);
INSERT INTO "direccion_entrega" (id_direccion_entrega,id_direccion) VALUES (181,1602),(182,1622),(183,1642),(184,1662),(185,1682),(186,1702),(187,1722),(188,1742),(189,1762),(190,1782);
INSERT INTO "direccion_entrega" (id_direccion_entrega,id_direccion) VALUES (191,1802),(192,1822),(193,1842),(194,1862),(195,1882),(196,1902),(197,1922),(198,1942),(199,1962),(200,1982);
INSERT INTO "direccion_entrega" (id_direccion_entrega,id_direccion) VALUES (201,3),(202,23),(203,43),(204,63),(205,83),(206,103),(207,123),(208,143),(209,163),(210,183);
INSERT INTO "direccion_entrega" (id_direccion_entrega,id_direccion) VALUES (211,203),(212,223),(213,243),(214,263),(215,283),(216,303),(217,323),(218,343),(219,363),(220,383);
INSERT INTO "direccion_entrega" (id_direccion_entrega,id_direccion) VALUES (221,403),(222,423),(223,443),(224,463),(225,483),(226,503),(227,523),(228,543),(229,563),(230,583);
INSERT INTO "direccion_entrega" (id_direccion_entrega,id_direccion) VALUES (231,603),(232,623),(233,643),(234,663),(235,683),(236,703),(237,723),(238,743),(239,763),(240,783);
INSERT INTO "direccion_entrega" (id_direccion_entrega,id_direccion) VALUES (241,803),(242,823),(243,843),(244,863),(245,883),(246,903),(247,923),(248,943),(249,963),(250,983);
INSERT INTO "direccion_entrega" (id_direccion_entrega,id_direccion) VALUES (251,1003),(252,1023),(253,1043),(254,1063),(255,1083),(256,1103),(257,1123),(258,1143),(259,1163),(260,1183);
INSERT INTO "direccion_entrega" (id_direccion_entrega,id_direccion) VALUES (261,1203),(262,1223),(263,1243),(264,1263),(265,1283),(266,1303),(267,1323),(268,1343),(269,1363),(270,1383);
INSERT INTO "direccion_entrega" (id_direccion_entrega,id_direccion) VALUES (271,1403),(272,1423),(273,1443),(274,1463),(275,1483),(276,1503),(277,1523),(278,1543),(279,1563),(280,1583);
INSERT INTO "direccion_entrega" (id_direccion_entrega,id_direccion) VALUES (281,1603),(282,1623),(283,1643),(284,1663),(285,1683),(286,1703),(287,1723),(288,1743),(289,1763),(290,1783);
INSERT INTO "direccion_entrega" (id_direccion_entrega,id_direccion) VALUES (291,1803),(292,1823),(293,1843),(294,1863),(295,1883),(296,1903),(297,1923),(298,1943),(299,1963),(300,1983);
INSERT INTO "direccion_entrega" (id_direccion_entrega,id_direccion) VALUES (301,4),(302,24),(303,44),(304,64),(305,84),(306,104),(307,124),(308,144),(309,164),(310,184);
INSERT INTO "direccion_entrega" (id_direccion_entrega,id_direccion) VALUES (311,204),(312,224),(313,244),(314,264),(315,284),(316,304),(317,324),(318,344),(319,364),(320,384);
INSERT INTO "direccion_entrega" (id_direccion_entrega,id_direccion) VALUES (321,404),(322,424),(323,444),(324,464),(325,484),(326,504),(327,524),(328,544),(329,564),(330,584);
INSERT INTO "direccion_entrega" (id_direccion_entrega,id_direccion) VALUES (331,604),(332,624),(333,644),(334,664),(335,684),(336,704),(337,724),(338,744),(339,764),(340,784);
INSERT INTO "direccion_entrega" (id_direccion_entrega,id_direccion) VALUES (341,804),(342,824),(343,844),(344,864),(345,884),(346,904),(347,924),(348,944),(349,964),(350,984);
INSERT INTO "direccion_entrega" (id_direccion_entrega,id_direccion) VALUES (351,1004),(352,1024),(353,1044),(354,1064),(355,1084),(356,1104),(357,1124),(358,1144),(359,1164),(360,1184);
INSERT INTO "direccion_entrega" (id_direccion_entrega,id_direccion) VALUES (361,1204),(362,1224),(363,1244),(364,1264),(365,1284),(366,1304),(367,1324),(368,1344),(369,1364),(370,1384);
INSERT INTO "direccion_entrega" (id_direccion_entrega,id_direccion) VALUES (371,1404),(372,1424),(373,1444),(374,1464),(375,1484),(376,1504),(377,1524),(378,1544),(379,1564),(380,1584);
INSERT INTO "direccion_entrega" (id_direccion_entrega,id_direccion) VALUES (381,1604),(382,1624),(383,1644),(384,1664),(385,1684),(386,1704),(387,1724),(388,1744),(389,1764),(390,1784);
INSERT INTO "direccion_entrega" (id_direccion_entrega,id_direccion) VALUES (391,1804),(392,1824),(393,1844),(394,1864),(395,1884),(396,1904),(397,1924),(398,1944),(399,1964),(400,1984);
INSERT INTO "direccion_entrega" (id_direccion_entrega,id_direccion) VALUES (401,5),(402,25),(403,45),(404,65),(405,85),(406,105),(407,125),(408,145),(409,165),(410,185);
INSERT INTO "direccion_entrega" (id_direccion_entrega,id_direccion) VALUES (411,205),(412,225),(413,245),(414,265),(415,285),(416,305),(417,325),(418,345),(419,365),(420,385);
INSERT INTO "direccion_entrega" (id_direccion_entrega,id_direccion) VALUES (421,405),(422,425),(423,445),(424,465),(425,485),(426,505),(427,525),(428,545),(429,565),(430,585);
INSERT INTO "direccion_entrega" (id_direccion_entrega,id_direccion) VALUES (431,605),(432,625),(433,645),(434,665),(435,685),(436,705),(437,725),(438,745),(439,765),(440,785);
INSERT INTO "direccion_entrega" (id_direccion_entrega,id_direccion) VALUES (441,805),(442,825),(443,845),(444,865),(445,885),(446,905),(447,925),(448,945),(449,965),(450,985);
INSERT INTO "direccion_entrega" (id_direccion_entrega,id_direccion) VALUES (451,1005),(452,1025),(453,1045),(454,1065),(455,1085),(456,1105),(457,1125),(458,1145),(459,1165),(460,1185);
INSERT INTO "direccion_entrega" (id_direccion_entrega,id_direccion) VALUES (461,1205),(462,1225),(463,1245),(464,1265),(465,1285),(466,1305),(467,1325),(468,1345),(469,1365),(470,1385);
INSERT INTO "direccion_entrega" (id_direccion_entrega,id_direccion) VALUES (471,1405),(472,1425),(473,1445),(474,1465),(475,1485),(476,1505),(477,1525),(478,1545),(479,1565),(480,1585);
INSERT INTO "direccion_entrega" (id_direccion_entrega,id_direccion) VALUES (481,1605),(482,1625),(483,1645),(484,1665),(485,1685),(486,1705),(487,1725),(488,1745),(489,1765),(490,1785);
INSERT INTO "direccion_entrega" (id_direccion_entrega,id_direccion) VALUES (491,1805),(492,1825),(493,1845),(494,1865),(495,1885),(496,1905),(497,1925),(498,1945),(499,1965),(500,1985);
INSERT INTO "direccion_entrega" (id_direccion_entrega,id_direccion) VALUES (501,6),(502,26),(503,46),(504,66),(505,86),(506,106),(507,126),(508,146),(509,166),(510,186);
INSERT INTO "direccion_entrega" (id_direccion_entrega,id_direccion) VALUES (511,206),(512,226),(513,246),(514,266),(515,286),(516,306),(517,326),(518,346),(519,366),(520,386);
INSERT INTO "direccion_entrega" (id_direccion_entrega,id_direccion) VALUES (521,406),(522,426),(523,446),(524,466),(525,486),(526,506),(527,526),(528,546),(529,566),(530,586);
INSERT INTO "direccion_entrega" (id_direccion_entrega,id_direccion) VALUES (531,606),(532,626),(533,646),(534,666),(535,686),(536,706),(537,726),(538,746),(539,766),(540,786);
INSERT INTO "direccion_entrega" (id_direccion_entrega,id_direccion) VALUES (541,806),(542,826),(543,846),(544,866),(545,886),(546,906),(547,926),(548,946),(549,966),(550,986);
INSERT INTO "direccion_entrega" (id_direccion_entrega,id_direccion) VALUES (551,1006),(552,1026),(553,1046),(554,1066),(555,1086),(556,1106),(557,1126),(558,1146),(559,1166),(560,1186);
INSERT INTO "direccion_entrega" (id_direccion_entrega,id_direccion) VALUES (561,1206),(562,1226),(563,1246),(564,1266),(565,1286),(566,1306),(567,1326),(568,1346),(569,1366),(570,1386);
INSERT INTO "direccion_entrega" (id_direccion_entrega,id_direccion) VALUES (571,1406),(572,1426),(573,1446),(574,1466),(575,1486),(576,1506),(577,1526),(578,1546),(579,1566),(580,1586);
INSERT INTO "direccion_entrega" (id_direccion_entrega,id_direccion) VALUES (581,1606),(582,1626),(583,1646),(584,1666),(585,1686),(586,1706),(587,1726),(588,1746),(589,1766),(590,1786);
INSERT INTO "direccion_entrega" (id_direccion_entrega,id_direccion) VALUES (591,1806),(592,1826),(593,1846),(594,1866),(595,1886),(596,1906),(597,1926),(598,1946),(599,1966),(600,1986);
INSERT INTO "direccion_entrega" (id_direccion_entrega,id_direccion) VALUES (601,7),(602,27),(603,47),(604,67),(605,87),(606,107),(607,127),(608,147),(609,167),(610,187);
INSERT INTO "direccion_entrega" (id_direccion_entrega,id_direccion) VALUES (611,207),(612,227),(613,247),(614,267),(615,287),(616,307),(617,327),(618,347),(619,367),(620,387);
INSERT INTO "direccion_entrega" (id_direccion_entrega,id_direccion) VALUES (621,407),(622,427),(623,447),(624,467),(625,487),(626,507),(627,527),(628,547),(629,567),(630,587);
INSERT INTO "direccion_entrega" (id_direccion_entrega,id_direccion) VALUES (631,607),(632,627),(633,647),(634,667),(635,687),(636,707),(637,727),(638,747),(639,767),(640,787);
INSERT INTO "direccion_entrega" (id_direccion_entrega,id_direccion) VALUES (641,807),(642,827),(643,847),(644,867),(645,887),(646,907),(647,927),(648,947),(649,967),(650,987);
INSERT INTO "direccion_entrega" (id_direccion_entrega,id_direccion) VALUES (651,1007),(652,1027),(653,1047),(654,1067),(655,1087),(656,1107),(657,1127),(658,1147),(659,1167),(660,1187);
INSERT INTO "direccion_entrega" (id_direccion_entrega,id_direccion) VALUES (661,1207),(662,1227),(663,1247),(664,1267),(665,1287),(666,1307),(667,1327),(668,1347),(669,1367),(670,1387);
INSERT INTO "direccion_entrega" (id_direccion_entrega,id_direccion) VALUES (671,1407),(672,1427),(673,1447),(674,1467),(675,1487),(676,1507),(677,1527),(678,1547),(679,1567),(680,1587);
INSERT INTO "direccion_entrega" (id_direccion_entrega,id_direccion) VALUES (681,1607),(682,1627),(683,1647),(684,1667),(685,1687),(686,1707),(687,1727),(688,1747),(689,1767),(690,1787);
INSERT INTO "direccion_entrega" (id_direccion_entrega,id_direccion) VALUES (691,1807),(692,1827),(693,1847),(694,1867),(695,1887),(696,1907),(697,1927),(698,1947),(699,1967),(700,1987);
INSERT INTO "direccion_entrega" (id_direccion_entrega,id_direccion) VALUES (701,8),(702,28),(703,48),(704,68),(705,88),(706,108),(707,128),(708,148),(709,168),(710,188);
INSERT INTO "direccion_entrega" (id_direccion_entrega,id_direccion) VALUES (711,208),(712,228),(713,248),(714,268),(715,288),(716,308),(717,328),(718,348),(719,368),(720,388);
INSERT INTO "direccion_entrega" (id_direccion_entrega,id_direccion) VALUES (721,408),(722,428),(723,448),(724,468),(725,488),(726,508),(727,528),(728,548),(729,568),(730,588);
INSERT INTO "direccion_entrega" (id_direccion_entrega,id_direccion) VALUES (731,608),(732,628),(733,648),(734,668),(735,688),(736,708),(737,728),(738,748),(739,768),(740,788);
INSERT INTO "direccion_entrega" (id_direccion_entrega,id_direccion) VALUES (741,808),(742,828),(743,848),(744,868),(745,888),(746,908),(747,928),(748,948),(749,968),(750,988);
INSERT INTO "direccion_entrega" (id_direccion_entrega,id_direccion) VALUES (751,1008),(752,1028),(753,1048),(754,1068),(755,1088),(756,1108),(757,1128),(758,1148),(759,1168),(760,1188);
INSERT INTO "direccion_entrega" (id_direccion_entrega,id_direccion) VALUES (761,1208),(762,1228),(763,1248),(764,1268),(765,1288),(766,1308),(767,1328),(768,1348),(769,1368),(770,1388);
INSERT INTO "direccion_entrega" (id_direccion_entrega,id_direccion) VALUES (771,1408),(772,1428),(773,1448),(774,1468),(775,1488),(776,1508),(777,1528),(778,1548),(779,1568),(780,1588);
INSERT INTO "direccion_entrega" (id_direccion_entrega,id_direccion) VALUES (781,1608),(782,1628),(783,1648),(784,1668),(785,1688),(786,1708),(787,1728),(788,1748),(789,1768),(790,1788);
INSERT INTO "direccion_entrega" (id_direccion_entrega,id_direccion) VALUES (791,1808),(792,1828),(793,1848),(794,1868),(795,1888),(796,1908),(797,1928),(798,1948),(799,1968),(800,1988);
INSERT INTO "direccion_entrega" (id_direccion_entrega,id_direccion) VALUES (801,9),(802,29),(803,49),(804,69),(805,89),(806,109),(807,129),(808,149),(809,169),(810,189);
INSERT INTO "direccion_entrega" (id_direccion_entrega,id_direccion) VALUES (811,209),(812,229),(813,249),(814,269),(815,289),(816,309),(817,329),(818,349),(819,369),(820,389);
INSERT INTO "direccion_entrega" (id_direccion_entrega,id_direccion) VALUES (821,409),(822,429),(823,449),(824,469),(825,489),(826,509),(827,529),(828,549),(829,569),(830,589);
INSERT INTO "direccion_entrega" (id_direccion_entrega,id_direccion) VALUES (831,609),(832,629),(833,649),(834,669),(835,689),(836,709),(837,729),(838,749),(839,769),(840,789);
INSERT INTO "direccion_entrega" (id_direccion_entrega,id_direccion) VALUES (841,809),(842,829),(843,849),(844,869),(845,889),(846,909),(847,929),(848,949),(849,969),(850,989);
INSERT INTO "direccion_entrega" (id_direccion_entrega,id_direccion) VALUES (851,1009),(852,1029),(853,1049),(854,1069),(855,1089),(856,1109),(857,1129),(858,1149),(859,1169),(860,1189);
INSERT INTO "direccion_entrega" (id_direccion_entrega,id_direccion) VALUES (861,1209),(862,1229),(863,1249),(864,1269),(865,1289),(866,1309),(867,1329),(868,1349),(869,1369),(870,1389);
INSERT INTO "direccion_entrega" (id_direccion_entrega,id_direccion) VALUES (871,1409),(872,1429),(873,1449),(874,1469),(875,1489),(876,1509),(877,1529),(878,1549),(879,1569),(880,1589);
INSERT INTO "direccion_entrega" (id_direccion_entrega,id_direccion) VALUES (881,1609),(882,1629),(883,1649),(884,1669),(885,1689),(886,1709),(887,1729),(888,1749),(889,1769),(890,1789);
INSERT INTO "direccion_entrega" (id_direccion_entrega,id_direccion) VALUES (891,1809),(892,1829),(893,1849),(894,1869),(895,1889),(896,1909),(897,1929),(898,1949),(899,1969),(900,1989);
INSERT INTO "direccion_entrega" (id_direccion_entrega,id_direccion) VALUES (901,10),(902,30),(903,50),(904,70),(905,90),(906,110),(907,130),(908,150),(909,170),(910,190);
INSERT INTO "direccion_entrega" (id_direccion_entrega,id_direccion) VALUES (911,210),(912,230),(913,250),(914,270),(915,290),(916,310),(917,330),(918,350),(919,370),(920,390);
INSERT INTO "direccion_entrega" (id_direccion_entrega,id_direccion) VALUES (921,410),(922,430),(923,450),(924,470),(925,490),(926,510),(927,530),(928,550),(929,570),(930,590);
INSERT INTO "direccion_entrega" (id_direccion_entrega,id_direccion) VALUES (931,610),(932,630),(933,650),(934,670),(935,690),(936,710),(937,730),(938,750),(939,770),(940,790);
INSERT INTO "direccion_entrega" (id_direccion_entrega,id_direccion) VALUES (941,810),(942,830),(943,850),(944,870),(945,890),(946,910),(947,930),(948,950),(949,970),(950,990);
INSERT INTO "direccion_entrega" (id_direccion_entrega,id_direccion) VALUES (951,1010),(952,1030),(953,1050),(954,1070),(955,1090),(956,1110),(957,1130),(958,1150),(959,1170),(960,1190);
INSERT INTO "direccion_entrega" (id_direccion_entrega,id_direccion) VALUES (961,1210),(962,1230),(963,1250),(964,1270),(965,1290),(966,1310),(967,1330),(968,1350),(969,1370),(970,1390);
INSERT INTO "direccion_entrega" (id_direccion_entrega,id_direccion) VALUES (971,1410),(972,1430),(973,1450),(974,1470),(975,1490),(976,1510),(977,1530),(978,1550),(979,1570),(980,1590);
INSERT INTO "direccion_entrega" (id_direccion_entrega,id_direccion) VALUES (981,1610),(982,1630),(983,1650),(984,1670),(985,1690),(986,1710),(987,1730),(988,1750),(989,1770),(990,1790);
INSERT INTO "direccion_entrega" (id_direccion_entrega,id_direccion) VALUES (991,1810),(992,1830),(993,1850),(994,1870),(995,1890),(996,1910),(997,1930),(998,1950),(999,1970),(1000,1990);
INSERT INTO "direccion_entrega" (id_direccion_entrega,id_direccion) VALUES (1001,11),(1002,31),(1003,51),(1004,71),(1005,91),(1006,111),(1007,131),(1008,151),(1009,171),(1010,191);
INSERT INTO "direccion_entrega" (id_direccion_entrega,id_direccion) VALUES (1011,211),(1012,231),(1013,251),(1014,271),(1015,291),(1016,311),(1017,331),(1018,351),(1019,371),(1020,391);
INSERT INTO "direccion_entrega" (id_direccion_entrega,id_direccion) VALUES (1021,411),(1022,431),(1023,451),(1024,471),(1025,491),(1026,511),(1027,531),(1028,551),(1029,571),(1030,591);
INSERT INTO "direccion_entrega" (id_direccion_entrega,id_direccion) VALUES (1031,611),(1032,631),(1033,651),(1034,671),(1035,691),(1036,711),(1037,731),(1038,751),(1039,771),(1040,791);
INSERT INTO "direccion_entrega" (id_direccion_entrega,id_direccion) VALUES (1041,811),(1042,831),(1043,851),(1044,871),(1045,891),(1046,911),(1047,931),(1048,951),(1049,971),(1050,991);
INSERT INTO "direccion_entrega" (id_direccion_entrega,id_direccion) VALUES (1051,1011),(1052,1031),(1053,1051),(1054,1071),(1055,1091),(1056,1111),(1057,1131),(1058,1151),(1059,1171),(1060,1191);
INSERT INTO "direccion_entrega" (id_direccion_entrega,id_direccion) VALUES (1061,1211),(1062,1231),(1063,1251),(1064,1271),(1065,1291),(1066,1311),(1067,1331),(1068,1351),(1069,1371),(1070,1391);
INSERT INTO "direccion_entrega" (id_direccion_entrega,id_direccion) VALUES (1071,1411),(1072,1431),(1073,1451),(1074,1471),(1075,1491),(1076,1511),(1077,1531),(1078,1551),(1079,1571),(1080,1591);
INSERT INTO "direccion_entrega" (id_direccion_entrega,id_direccion) VALUES (1081,1611),(1082,1631),(1083,1651),(1084,1671),(1085,1691),(1086,1711),(1087,1731),(1088,1751),(1089,1771),(1090,1791);
INSERT INTO "direccion_entrega" (id_direccion_entrega,id_direccion) VALUES (1091,1811),(1092,1831),(1093,1851),(1094,1871),(1095,1891),(1096,1911),(1097,1931),(1098,1951),(1099,1971),(1100,1991);



